组号,分数,分类,补充,成员
101,2,学年,中等部1年级,"摩耶重炮, 东商变革, 西野花, 微光飞驹, 里见光钻, 北部玄驹, 高尚俊逸, 里见皇冠, 强击, 放声欢呼, 唯独爱你"
102,2,学年,中等部2年级,"雪之美人, 荒漠英雄, 东海帝王, 伏特加, 大和赤骥, 目白麦昆, 爱丽数码, 真机伶, 美丽周日, 双涡轮, 也文摄辉, 真弓快车, 莱茵力量, 西沙里奥, 空中救世主, 万籁争鸣"
103,2,学年,中等部3年级,"草上飞, 神鹰, 青云天空, 春乌拉拉, 特别周, 好歌剧, 菱曙, 川上公主, 名将怒涛, 优秀素质, 圣王光环, 待兼诗歌剧, 生野狄杜斯, 鹤丸刚志, 小林历奇, 北港火山, 大鸣大放, 极峰"
104,2,学年,高等部1年级,"大树快车, 曼城茶座, 米浴, 樱花进王, 中山庆典, 目白多伯, 无声铃鹿, 美妙姿势, 美浦波旁, 爱丽速子, 空中神宫, 黄金城, 东瀛佐敦, 待兼福来, 樱花千代王, 目白光明, 第一红宝石, 森林宝穴, 奇锐骏, 新宇宙, 跳舞城, 金镇之光, 北方飞翔, 多旺达"
105,2,学年,高等部2年级,"菱亚马逊, 目白赖恩, 艾尼斯风神1, 新光风, 富士奇迹, 黄金船, 成田白仁, 气槽, 琵琶晨光, 爱慕织姬, 胜利奖券, 荣进闪耀, 醒目飞鹰, 成田大进, 青竹回忆, 八重无敌, 目白善信, 大拓太阳神, 樱花桂冠, 成田路, 吉兆, 谷水琴蕾, 凯斯奇迹, 菱钻奇宝, 黄金巨匠, 贵妇人, 凯旋芭蕾, 创升, 吹波糖, 超常骏骥, 狂怒乐章, 莫名其妙"
106,2,学年,高等部3年级,"丸善斯基, 鲁道夫象征, 稻荷一, 小栗帽, 玉藻十字, 采珠, 超级小海湾, 天狼星象征, 目白阿尔丹, 目白高峰, 千明代表, 葛城王牌, 梦之旅"
201,2,宿舍,美浦寮,"大树快车, 草上飞, 菱亚马逊, 神鹰, 鲁道夫象征, 青云天空, 曼城茶座, 目白赖恩, 雪之美人, 米浴, 艾尼斯风神1, 稻荷一, 樱花进王, 新光风, 荒漠英雄, 中山庆典, 目白多伯, 樱花千代王, 天狼星象征, 目白阿尔丹, 双涡轮, 樱花桂冠, 也文摄辉, 吉兆, 目白高峰, 里见皇冠, 大鸣大放, 吹波糖, 超常骏骥, 放声欢呼"
202,2,宿舍,栗东寮,"特别周, 无声铃鹿, 东海帝王, 富士奇迹, 小栗帽, 黄金船, 伏特加, 大和赤骥, 目白麦昆, 好歌剧, 成田白仁, 气槽, 爱丽数码, 玉藻十字, 美妙姿势, 琵琶晨光, 摩耶重炮, 美浦波旁, 菱曙, 爱丽速子, 爱慕织姬, 胜利奖券, 空中神宫, 荣进闪耀, 真机伶, 川上公主, 黄金城, 采珠, 东商变革, 超级小海湾, 醒目飞鹰, 东瀛佐敦, 成田大进, 西野花, 青竹回忆, 微光飞驹, 美丽周日, 待兼福来, 名将怒涛, 优秀素质, 圣王光环, 春乌拉拉, 八重无敌, 待兼诗歌剧, 生野狄杜斯, 目白善信, 大拓太阳神, 里见光钻, 北部玄驹, 目白光明, 鹤丸刚志, 成田路, 创升, 北方飞翔, 谷水琴蕾, 第一红宝石, 真弓快车, 高尚俊逸, 极峰, 强击, 凯斯奇迹, 森林宝穴, 莫名其妙, 小林历奇, 北港火山, 万籁争鸣, 奇锐骏, 葛城王牌, 新宇宙, 菱钻奇宝, 跳舞城, 莱茵力量, 西沙里奥, 空中救世主, 黄金巨匠, 贵妇人, 凯旋芭蕾, 梦之旅, 金镇之光, 多旺达, 唯独爱你"
203,2,宿舍,独居,丸善斯基
205,2,宿舍,独居,"千明代表, 狂怒乐章"
301,2,寝室,,"特别周, 无声铃鹿"
302,2,寝室,,"小栗帽, 玉藻十字"
303,2,寝室,,"伏特加, 大和赤骥"
304,2,寝室,,"大树快车, 目白多伯"
305,2,寝室,,"草上飞, 神鹰"
306,2,寝室,,"好歌剧, 琵琶晨光"
307,2,寝室,,"气槽, 美妙姿势"
308,2,寝室,,"摩耶重炮, 东海帝王"
309,2,寝室,,"曼城茶座, 雪之美人"
310,2,寝室,,"美浦波旁, 西野花"
311,2,寝室,,"目白赖恩, 艾尼斯风神1"
312,2,寝室,,"菱曙, 微光飞驹"
313,2,寝室,,"米浴, 荒漠英雄"
314,2,寝室,,"爱丽速子, 爱丽数码"
315,2,寝室,,"爱慕织姬, 真机伶"
316,2,寝室,,"胜利奖券, 东瀛佐敦"
317,2,寝室,,"空中神宫, 名将怒涛"
318,2,寝室,,"荣进闪耀, 醒目飞鹰"
319,2,寝室,,"川上公主, 采珠"
320,2,寝室,,"黄金城, 青竹回忆"
321,2,寝室,,"超级小海湾, 成田大进"
322,2,寝室,,"春乌拉拉, 圣王光环"
323,2,寝室,,"美丽周日, 优秀素质"
324,2,寝室,,"樱花千代王, 目白阿尔丹"
325,2,寝室,,"天狼星象征, 中山庆典"
326,2,寝室,,目白阿尔丹
327,2,寝室,,"待兼福来, 待兼诗歌剧"
328,2,寝室,,"目白麦昆, 生野狄杜斯"
329,2,寝室,,"目白善信, 葛城王牌"
330,2,寝室,,"大拓太阳神, 跳舞城"
331,2,寝室,,"稻荷一, 双涡轮"
332,2,寝室,,"里见光钻, 北部玄驹"
333,2,寝室,,"目白光明, 鹤丸刚志"
334,2,寝室,,"八重无敌, 莫名其妙"
335,2,寝室,,东商变革
337,2,寝室,,"樱花桂冠, 青云天空"
338,2,寝室,,"谷水琴蕾, 成田白仁"
339,2,寝室,,"第一红宝石, 凯斯奇迹"
340,2,寝室,,"成田路, 森林宝穴"
341,2,寝室,,小林历奇
342,2,寝室,,也文摄辉
343,2,寝室,,"奇锐骏, 创升"
344,2,寝室,,"北港火山, 极峰"
345,2,寝室,,"吉兆, 目白高峰"
346,2,寝室,,菱钻奇宝
347,2,寝室,,新光风
348,2,寝室,,新宇宙
349,2,寝室,,"里见皇冠, 大鸣大放"
350,2,寝室,,"莱茵力量, 西沙里奥"
351,2,寝室,,"强击, 空中救世主"
353,2,寝室,,贵妇人
354,2,寝室,,"黄金巨匠, 梦之旅"
355,2,寝室,,"高尚俊逸, 凯旋芭蕾"
356,2,寝室,,"金镇之光, 多旺达"
357,2,寝室,,万籁争鸣
358,2,寝室,,"北方飞翔, 真弓快车"
359,2,寝室,,"吹波糖, 超常骏骥"
368,2,寝室,,放声欢呼
369,2,寝室,,唯独爱你
370,2,寝室,,黄金船
401,2,班级,中等部3年级同班,"特别周, 草上飞, 神鹰, 青云天空, 圣王光环, 鹤丸刚志"
402,2,班级,高等部1年级同班,"无声铃鹿, 大树快车, 待兼福来, 美妙姿势, 目白多伯, 目白光明"
403,2,班级,中等部2年级同班,"东海帝王, 伏特加, 大和赤骥, 目白麦昆, 双涡轮, 真弓快车"
404,2,班级,高等部2年级同班,"琵琶晨光, 成田大进, 胜利奖券, 气槽, 爱慕织姬, 新光风, 成田路, 吹波糖"
405,2,班级,,"小栗帽, 玉藻十字, 稻荷一, 超级小海湾, 目白阿尔丹"
406,2,班级,,"丸善斯基, 鲁道夫象征, 千明代表, 天狼星象征, 目白高峰, 葛城王牌"
407,2,班级,,"黄金船, 富士奇迹, 菱亚马逊, 成田白仁, 荣进闪耀, 醒目飞鹰, 樱花桂冠, 黄金巨匠, 贵妇人, 超常骏骥"
408,2,班级,,"目白赖恩, 艾尼斯风神1, 目白善信, 大拓太阳神, 凯斯奇迹, 凯旋芭蕾"
409,2,班级,,"青竹回忆, 八重无敌, 吉兆, 谷水琴蕾, 莫名其妙, 菱钻奇宝, 创升, 狂怒乐章"
410,2,班级,,"曼城茶座, 爱丽速子, 空中神宫, 森林宝穴, 新宇宙, 跳舞城"
411,2,班级,,"美浦波旁, 米浴, 樱花进王, 樱花千代王, 北方飞翔"
412,2,班级,,"黄金城, 东瀛佐敦, 中山庆典, 第一红宝石, 奇锐骏, 金镇之光, 多旺达"
413,2,班级,,"菱曙, 川上公主, 极峰, 小林历奇, 北港火山, 大鸣大放"
414,2,班级,,"好歌剧, 春乌拉拉, 名将怒涛"
415,2,班级,,"优秀素质, 待兼诗歌剧, 生野狄杜斯"
416,2,班级,,"雪之美人, 真机伶, 也文摄辉"
417,2,班级,,"爱丽数码, 荒漠英雄, 美丽周日, 万籁争鸣"
418,2,班级,,"里见皇冠, 强击"
419,2,班级,,"摩耶重炮, 东商变革, 西野花, 微光飞驹"
420,2,班级,,"里见光钻, 北部玄驹, 高尚俊逸"
421,2,班级,,"莱茵力量, 西沙里奥, 空中救世主"
422,2,班级,,"采珠, 梦之旅"
424,2,班级,,"放声欢呼, 唯独爱你"
501,2,组合,学生会,"鲁道夫象征, 气槽, 成田白仁"
502,2,组合,黄金世代?,"特别周, 草上飞, 神鹰, 青云天空"
503,2,组合,"""目白家""","目白麦昆, 目白赖恩, 目白多伯, 目白阿尔丹, 目白善信, 目白光明, 目白高峰"
504,2,组合,好友,"圣王光环, 目白麦昆, 美妙姿势, 第一红宝石, 里见光钻, 里见皇冠, 目白阿尔丹, 目白高峰"
505,2,组合,宿舍长,"菱亚马逊, 富士奇迹"
506,2,组合,好友,"小栗帽, 玉藻十字, 超级小海湾, 稻荷一"
507,2,组合,BNW(新平成三强),"琵琶晨光, 成田大进, 胜利奖券"
508,8,组合,好友？,"米浴, 春乌拉拉"
509,8,组合,好友？,"樱花进王, 春乌拉拉"
510,8,组合,好友？,"特别周, 春乌拉拉"
511,2,组合,"""樱花军团""","樱花进王, 樱花千代王, 樱花桂冠"
512,2,组合,好友？,"樱花千代王, 菱曙"
513,2,组合,好友？,"优秀素质, 待兼诗歌剧, 生野狄杜斯, 双涡轮"
514,2,组合,好友？,"目白善信, 大拓太阳神"
515,2,组合,好友？,"里见光钻, 北部玄驹"
516,2,组合,好友？,"目白麦昆, 里见光钻"
517,2,组合,好友？,"东海帝王, 北部玄驹"
518,2,组合,,"无声铃鹿, 醒目飞鹰, 艾尼斯风神1, 美浦波旁, 丸善斯基"
519,2,组合,,"爱丽速子, 东商变革, 里见光钻, 北部玄驹"
520,2,组合,,"醒目飞鹰, 小林历奇, 北港火山, 奇锐骏"
521,2,组合,,"大拓太阳神, 第一红宝石, 凯斯奇迹, 也文摄辉"
522,2,组合,,"里见光钻, 里见皇冠"
523,2,组合,,"特别周, 无声铃鹿, 小栗帽, 黄金船, 目白麦昆, 成田白仁, 米浴, 胜利奖券"
524,2,组合,,"鲁道夫象征, 气槽, 成田白仁, 菱亚马逊, 丸善斯基, 富士奇迹, 大树快车, 好歌剧, 草上飞, 神鹰"
525,2,组合,,"黄金船, 伏特加, 大和赤骥, 无声铃鹿, 特别周, 东海帝王, 目白麦昆"
526,2,组合,,"无声铃鹿, 目白善信, 大拓太阳神, 双涡轮"
527,8,组合,,"春乌拉拉, 爱丽数码"
528,8,组合,,"春乌拉拉, 黄金船"
529,8,组合,,"春乌拉拉, 空中神宫"
530,8,组合,,"春乌拉拉, 醒目飞鹰"
531,8,组合,,"春乌拉拉, 摩耶重炮"
532,8,组合,,"春乌拉拉, 目白多伯"
533,8,组合,,"春乌拉拉, 优秀素质"
534,8,组合,,"春乌拉拉, 大树快车"
535,8,组合,,"春乌拉拉, 青云天空"
536,8,组合,,"春乌拉拉, 草上飞"
537,8,组合,,"春乌拉拉, 好歌剧"
538,8,组合,,"春乌拉拉, 爱慕织姬"
539,8,组合,,"春乌拉拉, 待兼福来"
540,8,组合,,"春乌拉拉, 名将怒涛"
541,8,组合,,"春乌拉拉, 圣王光环"
542,8,组合,,"春乌拉拉, 美妙姿势"
543,8,组合,,"春乌拉拉, 真机伶"
544,8,组合,,"春乌拉拉, 生野狄杜斯"
545,8,组合,,"春乌拉拉, 小栗帽"
546,8,组合,,"春乌拉拉, 川上公主"
547,8,组合,,"春乌拉拉, 奇锐骏"
548,8,组合,,"春乌拉拉, 葛城王牌"
549,8,组合,,"春乌拉拉, 菱钻奇宝"
550,8,组合,,"春乌拉拉, 荒漠英雄"
551,8,组合,,"春乌拉拉, 玉藻十字"
2001,1,血缘,周日宁静(同父),"无声铃鹿, 特别周, 富士奇迹, 曼城茶座, 空中神宫, 爱丽速子, 荒漠英雄, 美丽周日, 新宇宙, 空中救世主, 多旺达, 吹波糖"
2002,1,血缘,Tony Bin(同父),"气槽, 胜利奖券, 创升, 北方飞翔, 高尚俊逸, 森林宝穴"
2003,1,血缘,サクラユタカオー (同父),"樱花进王, 雪之美人"
2004,1,血缘,目白赖恩(同父),"目白多伯, 目白光明"
2007,1,血缘,,"鹤丸刚志, 东海帝王"
2008,1,血缘,トウショウボーイ(同父),"第一红宝石, 千明代表"
2009,1,血缘,Roberto系,"伏特加, 成田白仁, 摩耶重炮, 狂怒乐章, 谷水琴蕾, 莫名其妙"
2010,1,血缘,ゴールドアリュール(同父),"醒目飞鹰, 小林历奇"
2011,1,血缘,Soccer Boy(同父),"成田路, 菱钻奇宝"
2101,1,血缘,周日宁静(同父父),"黄金船, 大和赤骥, 醒目飞鹰, 中山庆典, 高尚俊逸, 小林历奇, 西沙里奥, 黄金巨匠, 贵妇人, 凯旋芭蕾, 梦之旅, 超常骏骥, 放声欢呼, 唯独爱你, 极峰"
2102,1,血缘,丸善斯基(同母父),"特别周, 胜利奖券"
2103,1,血缘,Roberto(同父父),"草上飞, 摩耶重炮, 吉兆"
2104,1,血缘,Blushing Groom(同母父),"好歌剧, 摩耶重炮"
2105,1,血缘,Tesco Boy(同母父),"艾尼斯风神1, 黄金城"
2106,1,血缘,Northern Taste(同母父),"气槽, 大和赤骥, 樱花进王, 东瀛佐敦, 生野狄杜斯, 多旺达"
2107,1,血缘,ロイヤルスキー(同母父),"爱丽速子, 雪之美人"
2108,1,血缘,Never Beat(同母父),"目白阿尔丹, 大拓太阳神"
2109,1,血缘,Affirmed(同母父),"成田路, 名将怒涛"
2110,1,血缘,サンシー(同母父),"第一红宝石, 双涡轮"
2111,1,血缘,Last Tycoon(同父父),"里见皇冠, 名将怒涛"
2201,1,血缘,父子,"鲁道夫象征, 东海帝王"
2202,1,血缘,父子,"丸善斯基, 樱花千代王"
2203,1,血缘,外祖父(母父),"樱花进王, 北部玄驹"
2204,1,血缘,父子,"目白赖恩, 目白光明"
2205,1,血缘,外祖父(母父),"丸善斯基, 目白光明"
2206,1,血缘,,"鹤丸刚志, 鲁道夫象征"
2207,1,血缘,,吉兆
2208,1,血缘,,"东瀛佐敦, 森林宝穴"
2209,1,血缘,,"万籁争鸣, 新宇宙"
2210,1,血缘,父子,"伏特加, 谷水琴蕾"
2211,1,血缘,外祖母(母母),"气槽, 大鸣大放"
2212,1,血缘,,"特别周, 西沙里奥"
2213,1,血缘,,特别周
2214,1,血缘,,"目白麦昆, 黄金巨匠"
2215,1,血缘,,气槽
2216,1,血缘,,"目白麦昆, 梦之旅"
2218,1,血缘,,黄金巨匠
2301,1,血缘,外祖父(母父),"特别周, 丸善斯基"
2302,1,血缘,外祖父(母父),"丸善斯基, 胜利奖券"
2303,1,血缘,外祖父(母父),"目白麦昆, 黄金船"
2401,1,同时期活跃,,丸善斯基
2402,1,同时期活跃,,"鲁道夫象征, 天狼星象征, 千明代表, 葛城王牌"
2403,1,同时期活跃,,"小栗帽, 超级小海湾, 樱花千代王, 目白阿尔丹, 八重无敌, 青竹回忆, 玉藻十字, 稻荷一, 黄金城, 目白高峰"
2404,1,同时期活跃,,"东海帝王, 目白麦昆, 目白赖恩, 米浴, 樱花进王, 优秀素质, 待兼诗歌剧, 生野狄杜斯, 目白善信, 大拓太阳神, 双涡轮, 西野花, 艾尼斯风神1, 第一红宝石, 凯斯奇迹, 也文摄辉, 美浦波旁"
2405,1,同时期活跃,,"摩耶重炮, 胜利奖券, 雪之美人, 富士奇迹, 菱亚马逊, 成田白仁, 琵琶晨光, 菱曙, 成田大进, 樱花桂冠, 美丽周日, 微光飞驹, 北方飞翔"
2406,1,同时期活跃,,"特别周, 无声铃鹿, 大树快车, 草上飞, 神鹰, 气槽, 待兼福来, 圣王光环, 目白光明, 采珠, 新光风, 鹤丸刚志, 青云天空, 目白多伯, 吹波糖"
2407,1,同时期活跃,,"爱丽速子, 春乌拉拉, 空中神宫, 成田路, 森林宝穴, 好歌剧, 爱丽数码, 曼城茶座, 爱慕织姬, 名将怒涛, 跳舞城, 金镇之光"
2408,1,同时期活跃,,"美妙姿势, 东商变革, 荒漠英雄, 吉兆, 谷水琴蕾, 新宇宙, 菱钻奇宝, 多旺达, 莫名其妙"
2409,1,同时期活跃,,"伏特加, 大和赤骥, 真弓快车, 川上公主, 醒目飞鹰, 梦之旅, 狂怒乐章, 莱茵力量, 西沙里奥, 空中救世主"
2410,1,同时期活跃,,"中山庆典, 奇锐骏, 荣进闪耀, 真机伶, 东瀛佐敦, 创升"
2411,1,同时期活跃,,"北港火山, 小林历奇, 黄金巨匠, 凯旋芭蕾, 贵妇人, 超常骏骥, 极峰"
2412,1,同时期活跃,,"里见皇冠, 高尚俊逸, 大鸣大放, 里见光钻, 北部玄驹, 万籁争鸣, 强击"
2413,1,同时期活跃,,"放声欢呼, 唯独爱你"
2501,1,历史G1胜鞍,二月锦标,"爱丽数码, 新光风, 小林历奇, 创升"
2502,1,历史G1胜鞍,高松宫纪念,"真机伶, 圣王光环"
2503,1,历史G1胜鞍,大阪杯,"葛城王牌, 八重无敌, 超级小海湾, 东海帝王, 目白麦昆, 美丽周日, 气槽, 新宇宙, 大和赤骥, 北部玄驹, 黄金巨匠, 梦之旅"
2504,1,历史G1胜鞍,樱花赏,"大和赤骥, 西野花, 目白高峰, 莱茵力量, 贵妇人, 放声欢呼"
2505,1,历史G1胜鞍,皋月赏,"东海帝王, 黄金船, 好歌剧, 成田白仁, 青云天空, 美浦波旁, 爱丽速子, 空中神宫, 成田大进, 鲁道夫象征, 千明代表, 八重无敌, 新宇宙, 莫名其妙, 大鸣大放, 黄金巨匠"
2506,1,历史G1胜鞍,春季天皇赏,"特别周, 黄金船, 目白麦昆, 好歌剧, 玉藻十字, 琵琶晨光, 摩耶重炮, 曼城茶座, 米浴, 稻荷一, 超级小海湾, 鲁道夫象征, 北部玄驹, 目白光明, 樱花桂冠, 菱钻奇宝, 超常骏骥"
2507,1,历史G1胜鞍,NHK英里杯,"神鹰, 采珠, 莱茵力量"
2508,1,历史G1胜鞍,维多利亚英里赛,"伏特加, 极峰, 放声欢呼"
2509,1,历史G1胜鞍,优骏牝马（日本橡树大赛）,"气槽, 川上公主, 目白多伯, 目白高峰, 西沙里奥, 贵妇人, 唯独爱你"
2510,1,历史G1胜鞍,东京优骏（日本德比）,"特别周, 东海帝王, 伏特加, 成田白仁, 美浦波旁, 艾尼斯风神1, 爱慕织姬, 胜利奖券, 荣进闪耀, 鲁道夫象征, 千明代表, 樱花千代王, 天狼星象征, 谷水琴蕾, 森林宝穴, 新宇宙, 大鸣大放, 黄金巨匠"
2511,1,历史G1胜鞍,安田纪念,"小栗帽, 伏特加, 大树快车, 爱丽数码, 青竹回忆, 第一红宝石, 北方飞翔, 也文摄辉, 放声欢呼"
2512,1,历史G1胜鞍,宝冢纪念,"无声铃鹿, 黄金船, 草上飞, 目白麦昆, 好歌剧, 玉藻十字, 琵琶晨光, 摩耶重炮, 目白赖恩, 稻荷一, 东商变革, 中山庆典, 美丽周日, 名将怒涛, 目白善信, 里见皇冠, 葛城王牌, 菱钻奇宝, 跳舞城, 黄金巨匠, 梦之旅"
2513,1,历史G1胜鞍,短途马锦标,"大树快车, 菱曙, 真机伶, 樱花进王, 西野花, 青竹回忆, 第一红宝石, 真弓快车, 金镇之光, 多旺达, 放声欢呼"
2514,1,历史G1胜鞍,秋华赏,"大和赤骥, 美妙姿势, 川上公主, 东商变革, 目白多伯, 强击, 空中救世主, 贵妇人"
2515,1,历史G1胜鞍,菊花赏,"黄金船, 目白麦昆, 成田白仁, 青云天空, 琵琶晨光, 摩耶重炮, 曼城茶座, 米浴, 空中神宫, 超级小海湾, 待兼福来, 鲁道夫象征, 千明代表, 里见光钻, 北部玄驹, 成田路, 菱钻奇宝, 黄金巨匠"
2516,1,历史G1胜鞍,秋季天皇赏,"特别周, 伏特加, 好歌剧, 气槽, 爱丽数码, 玉藻十字, 荣进闪耀, 超级小海湾, 荒漠英雄, 东瀛佐敦, 千明代表, 八重无敌, 北部玄驹, 吉兆, 也文摄辉, 吹波糖"
2517,1,历史G1胜鞍,伊丽莎白二世女皇杯,"大和赤骥, 菱亚马逊, 美妙姿势, 东商变革, 目白多伯, 目白高峰"
2518,1,历史G1胜鞍,英里冠军赛,"小栗帽, 大树快车, 爱丽数码, 大拓太阳神, 北方飞翔, 多旺达, 放声欢呼"
2519,1,历史G1胜鞍,日本杯,"特别周, 东海帝王, 伏特加, 神鹰, 好歌剧, 荒漠英雄, 鲁道夫象征, 北部玄驹, 高尚俊逸, 森林宝穴, 葛城王牌, 跳舞城, 贵妇人"
2520,1,历史G1胜鞍,冠军杯,"北港火山, 创升"
2521,1,历史G1胜鞍,阪神两岁雌马大赛,"伏特加, 菱亚马逊, 西野花, 目白多伯, 黄金城"
2522,1,历史G1胜鞍,朝日杯未来锦标,"富士奇迹, 草上飞, 成田白仁, 美浦波旁, 艾尼斯风神1, 丸善斯基, 樱花千代王, 梦之旅, 吹波糖"
2523,1,历史G1胜鞍,有马纪念,"东海帝王, 小栗帽, 黄金船, 大和赤骥, 草上飞, 好歌剧, 成田白仁, 摩耶重炮, 曼城茶座, 稻荷一, 荒漠英雄, 鲁道夫象征, 目白善信, 里见光钻, 北部玄驹, 樱花桂冠, 吉兆, 黄金巨匠, 贵妇人, 梦之旅"
2524,1,历史G1胜鞍,希望锦标,"成田大进, 目白光明, 爱慕织姬, 爱丽速子"
2525,1,历史G1胜鞍,帝王赏,"醒目飞鹰, 狂怒乐章, 小林历奇, 北港火山, 奇锐骏"
2526,1,历史G1胜鞍,日本泥地德比,狂怒乐章
2527,1,历史G1胜鞍,JBC女士古典赛,无
2528,1,历史G1胜鞍,JBC短程赛,无
2529,1,历史G1胜鞍,JBC古典赛,"醒目飞鹰, 小林历奇, 北港火山, 奇锐骏"
2530,1,历史G1胜鞍,东京大赏赛,"醒目飞鹰, 稻荷一, 小林历奇, 北港火山"
2531,1,历史G1胜鞍,川崎記念(指定交流),"醒目飞鹰, 北港火山, 狂怒乐章"
2532,1,历史G1胜鞍,全日本ジュニア優駿,"爱丽数码, 小林历奇"
2533,1,历史G1胜鞍,かしわ記念,"小林历奇, 北港火山, 奇锐骏, 狂怒乐章"
2534,1,历史G1胜鞍,マイルCS南部杯,"爱丽数码, 狂怒乐章"
2601,1,性别,牡,"特别周, 无声铃鹿, 东海帝王, 丸善斯基, 富士奇迹, 小栗帽, 黄金船, 大树快车, 草上飞, 目白麦昆, 神鹰, 好歌剧, 成田白仁, 鲁道夫象征, 爱丽数码, 青云天空, 玉藻十字, 琵琶晨光, 摩耶重炮, 曼城茶座, 美浦波旁, 目白赖恩, 菱曙, 米浴, 艾尼斯风神1, 爱丽速子, 爱慕织姬, 稻荷一, 胜利奖券, 空中神宫, 荣进闪耀, 黄金城, 樱花进王, 新光风, 超级小海湾, 醒目飞鹰, 荒漠英雄, 东瀛佐敦, 中山庆典, 成田大进, 青竹回忆, 微光飞驹, 美丽周日, 待兼福来, 千明代表, 名将怒涛, 优秀素质, 圣王光环, 樱花千代王, 天狼星象征, 目白阿尔丹, 八重无敌, 待兼诗歌剧, 目白善信, 大拓太阳神, 双涡轮, 里见光钻, 北部玄驹, 目白光明, 鹤丸刚志, 樱花桂冠, 成田路, 也文摄辉, 狂怒乐章, 创升, 吉兆, 里见皇冠, 高尚俊逸, 凯斯奇迹, 森林宝穴, 小林历奇, 北港火山, 奇锐骏, 万籁争鸣, 莫名其妙, 葛城王牌, 新宇宙, 菱钻奇宝, 谷水琴蕾, 跳舞城, 大鸣大放, 黄金巨匠, 凯旋芭蕾, 梦之旅, 金镇之光, 多旺达, 吹波糖, 超常骏骥"
2602,1,性别,牝,"伏特加, 大和赤骥, 菱亚马逊, 气槽, 美妙姿势, 雪之美人, 真机伶, 川上公主, 采珠, 东商变革, 西野花, 春乌拉拉, 目白多伯, 生野狄杜斯, 北方飞翔, 第一红宝石, 目白高峰, 真弓快车, 极峰, 强击, 莱茵力量, 西沙里奥, 空中救世主, 贵妇人, 放声欢呼, 唯独爱你"
2603,1,,,"特别周, 无声铃鹿, 小栗帽, 黄金船, 目白麦昆, 摩耶重炮, 目白赖恩, 胜利奖券, 樱花进王, 超级小海湾, 春乌拉拉, 待兼福来, 优秀素质, 目白阿尔丹, 目白善信, 双涡轮, 里见光钻, 目白光明, 艾尼斯风神1, 东商变革, 空中神宫, 雪之美人, 奇锐骏, 荒漠英雄, 北港火山, 新光风, 千明代表, 菱亚马逊, 好歌剧, 青云天空, 琵琶晨光, 曼城茶座, 菱曙, 爱慕织姬, 荣进闪耀, 真机伶, 成田大进, 名将怒涛, 黄金城, 樱花桂冠, 新宇宙, 谷水琴蕾, 美丽周日, 葛城王牌, 目白高峰, 跳舞城, 高尚俊逸, 西沙里奥, 空中救世主, 贵妇人, 凯旋芭蕾, 微光飞驹, 金镇之光, 万籁争鸣, 多旺达, 吹波糖, 放声欢呼"
2604,1,,,"东海帝王, 丸善斯基, 伏特加, 大和赤骥, 大树快车, 草上飞, 神鹰, 鲁道夫象征, 气槽, 米浴, 爱丽速子, 圣王光环, 樱花千代王, 天狼星象征, 八重无敌, 待兼诗歌剧, 生野狄杜斯, 大拓太阳神, 北部玄驹, 西野花, 青竹回忆, 小林历奇, 采珠, 真弓快车, 也文摄辉, 中山庆典, 富士奇迹, 成田白仁, 爱丽数码, 玉藻十字, 美妙姿势, 美浦波旁, 稻荷一, 川上公主, 醒目飞鹰, 东瀛佐敦, 目白多伯, 第一红宝石, 吉兆, 菱钻奇宝, 成田路, 凯斯奇迹, 里见皇冠, 大鸣大放, 莱茵力量, 黄金巨匠, 梦之旅, 强击, 创升, 北方飞翔, 森林宝穴, 超常骏骥, 狂怒乐章, 鹤丸刚志, 唯独爱你, 莫名其妙, 极峰"
2701,1,同生日,3月27号,"小栗帽, 荣进闪耀, 荒漠英雄"
2702,1,同生日,3月13号,"好歌剧, 鲁道夫象征"
2703,1,同生日,3月10号,"琵琶晨光, 雪之美人, 北部玄驹, 里见皇冠"
2704,1,同生日,3月5号,"曼城茶座, 米浴, 真弓快车, 极峰"
2705,1,同生日,4月4号,"伏特加, 醒目飞鹰, 成田路, 莱茵力量"
2706,1,同生日,4月16号,"优秀素质, 生野狄杜斯, 采珠, 黄金城"
2707,1,同生日,2月27号,"菱曙, 春乌拉拉"
2708,1,同生日,3月14号,"奇锐骏, 高尚俊逸"
2709,1,同生日,3月16号,"跳舞城, 凯斯奇迹"
2710,1,同生日,3月21号,"目白善信, 胜利奖券"
2711,1,同生日,3月24号,"摩耶重炮, 小林历奇"
2712,1,同生日,3月26号,"天狼星象征, 菱亚马逊, 唯独爱你"
2713,1,同生日,3月31号,"菱钻奇宝, 真机伶, 西沙里奥"
2714,1,同生日,4月6号,"气槽, 鹤丸刚志"
2715,1,同生日,4月9号,"目白高峰, 强击"
2716,1,同生日,4月10号,"艾尼斯风神1, 大拓太阳神, 凯旋芭蕾"
2717,1,同生日,4月11号,"八重无敌, 目白赖恩, 吹波糖"
2718,1,同生日,4月12号,"北方飞翔, 万籁争鸣"
2719,1,同生日,4月13号,"双涡轮, 爱丽速子"
2720,1,同生日,4月14号,"樱花进王, 新光风"
2721,1,同生日,4月15号,"第一红宝石, 富士奇迹"
2722,1,同生日,4月19号,"西野花, 目白光明"
2723,1,同生日,4月26号,青云天空
2724,1,同生日,5月1号,"狂怒乐章, 无声铃鹿"
2725,1,同生日,5月2号,特别周
2726,1,同生日,5月7号,"稻荷一, 待兼诗歌剧, 森林宝穴"
2727,1,同生日,5月27号,"超级小海湾, 也文摄辉"
2728,1,同生日,2月4号,"东瀛佐敦, 空中救世主"
2729,1,同生日,3月9号,创升
2730,1,同生日,5月14号,"青竹回忆, 黄金巨匠"
2732,1,同生日,2月24号,梦之旅
2733,1,同生日,5月3号,"金镇之光, 成田白仁"
2734,1,同生日,3月22号,大鸣大放
2735,1,同生日,2月8号,微光飞驹
2736,1,同生日,2月20号,贵妇人
2737,1,同生日,5月25号,多旺达
2738,1,同生日,4月28号,圣王光环
2740,1,同生日,4月20号,"东海帝王, 超常骏骥"
2742,1,同生日,4月3号,目白麦昆
2743,1,同生日,1月24号,放声欢呼
2744,1,同生日,3月6号,黄金船
2746,1,同生日,6月4号,莫名其妙
2801,1,同生年,1984年,"玉藻十字, 稻荷一, 黄金城"
2802,1,同生年,1985年,"小栗帽, 超级小海湾, 青竹回忆, 樱花千代王, 目白阿尔丹, 八重无敌"
2803,1,同生年,1987年,"目白麦昆, 目白赖恩, 艾尼斯风神1, 生野狄杜斯, 目白善信, 大拓太阳神, 第一红宝石"
2804,1,同生年,1988年,"东海帝王, 优秀素质, 双涡轮, 也文摄辉, 凯斯奇迹"
2805,1,同生年,1989年,"美浦波旁, 米浴, 樱花进王, 西野花, 待兼诗歌剧"
2806,1,同生年,1990年,"琵琶晨光, 雪之美人, 胜利奖券, 成田大进, 北方飞翔"
2807,1,同生年,1991年,"菱亚马逊, 成田白仁, 微光飞驹, 樱花桂冠"
2808,1,同生年,1992年,"富士奇迹, 摩耶重炮, 菱曙, 美丽周日"
2809,1,同生年,1993年,"气槽, 新光风, 吹波糖"
2810,1,同生年,1994年,"无声铃鹿, 大树快车, 采珠, 待兼福来, 目白多伯, 目白光明"
2811,1,同生年,1995年,"特别周, 草上飞, 神鹰, 青云天空, 圣王光环, 鹤丸刚志"
2812,1,同生年,1996年,"好歌剧, 爱慕织姬, 春乌拉拉, 名将怒涛, 成田路"
2813,1,同生年,1997年,"爱丽数码, 空中神宫, 跳舞城"
2814,1,同生年,1998年,"曼城茶座, 爱丽速子, 森林宝穴, 金镇之光"
2815,1,同生年,2004年,"伏特加, 大和赤骥, 狂怒乐章, 真弓快车, 梦之旅"
2816,1,同生年,2006年,"东瀛佐敦, 中山庆典, 创升, 奇锐骏"
2817,1,同生年,2007年,"荣进闪耀, 真机伶"
2818,1,同生年,1982年,天狼星象征
2822,1,同生年,1999年,"美妙姿势, 吉兆, 谷水琴蕾, 菱钻奇宝, 莫名其妙, 多旺达"
2823,1,同生年,2000年,"荒漠英雄, 新宇宙"
2824,1,同生年,2013年,"强击, 里见光钻"
2825,1,同生年,1980年,"千明代表, 葛城王牌"
2826,1,同生年,2005年,醒目飞鹰
2827,1,同生年,2009年,"黄金船, 北港火山, 极峰, 贵妇人, 超常骏骥"
2828,1,同生年,2012年,"北部玄驹, 高尚俊逸, 里见皇冠, 大鸣大放"
2829,1,同生年,2002年,"莱茵力量, 西沙里奥, 空中救世主"
2831,1,同生年,2008年,"黄金巨匠, 凯旋芭蕾"
2833,1,同生年,2016年,"放声欢呼, 唯独爱你"
2901,7,脚质组,逃马组,"无声铃鹿, 丸善斯基, 青云天空, 摩耶重炮, 美浦波旁, 艾尼斯风神1, 醒目飞鹰, 目白善信, 葛城王牌, 双涡轮, 北部玄驹, 小林历奇, 真弓快车, 创升, 跳舞城, 金镇之光, 极峰"
2902,7,脚质组,先行组,"东海帝王, 富士奇迹, 大和赤骥, 大树快车, 目白麦昆, 神鹰, 好歌剧, 鲁道夫象征, 气槽, 爱丽数码, 美妙姿势, 琵琶晨光, 菱曙, 雪之美人, 米浴, 真机伶, 黄金城, 樱花进王, 新光风, 超级小海湾, 荒漠英雄, 东瀛佐敦, 西野花, 名将怒涛, 樱花千代王, 狂怒乐章, 天狼星象征, 目白阿尔丹, 八重无敌, 成田路, 也文摄辉, 北方飞翔, 目白高峰, 鹤丸刚志, 凯斯奇迹, 北港火山, 奇锐骏, 大拓太阳神, 莱茵力量, 贵妇人, 吹波糖, 超常骏骥"
2903,7,脚质组,差行组,"特别周, 小栗帽, 伏特加, 草上飞, 成田白仁, 曼城茶座, 目白赖恩, 爱丽速子, 胜利奖券, 荣进闪耀, 川上公主, 采珠, 中山庆典, 青竹回忆, 微光飞驹, 待兼福来, 目白多伯, 优秀素质, 圣王光环, 待兼诗歌剧, 生野狄杜斯, 里见光钻, 目白光明, 樱花桂冠, 吉兆, 森林宝穴, 美丽周日, 第一红宝石, 里见皇冠, 高尚俊逸, 强击, 莫名其妙, 新宇宙, 万籁争鸣, 菱钻奇宝, 空中救世主, 西沙里奥, 放声欢呼, 唯独爱你"
2904,7,脚质组,追马组,"稻荷一, 黄金船, 菱亚马逊, 玉藻十字, 爱慕织姬, 空中神宫, 东商变革, 成田大进, 春乌拉拉, 千明代表, 谷水琴蕾, 大鸣大放, 多旺达, 凯旋芭蕾, 梦之旅, 黄金巨匠"
3001,7,距离组,短距离组,"丸善斯基, 大树快车, 樱花进王, 春乌拉拉, 圣王光环, 美浦波旁, 菱曙, 真机伶, 采珠, 西野花, 青竹回忆, 微光飞驹, 也文摄辉, 第一红宝石, 真弓快车, 凯斯奇迹, 莱茵力量, 金镇之光, 放声欢呼"
3002,7,距离组,英里组,"丸善斯基, 富士奇迹, 小栗帽, 伏特加, 大和赤骥, 大树快车, 草上飞, 神鹰, 黄金城, 爱丽数码, 美浦波旁, 雪之美人, 艾尼斯风神1, 川上公主, 采珠, 新光风, 醒目飞鹰, 西野花, 青竹回忆, 目白多伯, 樱花千代王, 大拓太阳神, 也文摄辉, 北方飞翔, 第一红宝石, 目白高峰, 极峰, 小林历奇, 北港火山, 奇锐骏, 莱茵力量, 贵妇人, 创升, 多旺达, 狂怒乐章, 放声欢呼"
3003,7,距离组,中距离组,"特别周, 无声铃鹿, 东海帝王, 小栗帽, 黄金船, 伏特加, 大和赤骥, 草上飞, 菱亚马逊, 目白麦昆, 神鹰, 好歌剧, 鲁道夫象征, 气槽, 青云天空, 摩耶重炮, 目白赖恩, 米浴, 爱丽速子, 胜利奖券, 超级小海湾, 待兼福来, 优秀素质, 成田白仁, 爱丽数码, 玉藻十字, 美妙姿势, 琵琶晨光, 美浦波旁, 雪之美人, 艾尼斯风神1, 爱慕织姬, 稻荷一, 空中神宫, 荣进闪耀, 川上公主, 东商变革, 醒目飞鹰, 荒漠英雄, 东瀛佐敦, 中山庆典, 成田大进, 美丽周日, 千明代表, 名将怒涛, 目白多伯, 樱花千代王, 天狼星象征, 目白阿尔丹, 八重无敌, 生野狄杜斯, 目白善信, 双涡轮, 北部玄驹, 鹤丸刚志, 成田路, 吉兆, 谷水琴蕾, 目白高峰, 高尚俊逸, 强击, 森林宝穴, 莫名其妙, 小林历奇, 北港火山, 奇锐骏, 葛城王牌, 新宇宙, 跳舞城, 里见皇冠, 大鸣大放, 西沙里奥, 空中救世主, 黄金巨匠, 贵妇人, 梦之旅, 吹波糖, 狂怒乐章, 唯独爱你"
3004,7,距离组,长距离组,"特别周, 黄金船, 目白麦昆, 好歌剧, 鲁道夫象征, 青云天空, 摩耶重炮, 米浴, 超级小海湾, 优秀素质, 成田白仁, 玉藻十字, 琵琶晨光, 曼城茶座, 稻荷一, 待兼诗歌剧, 目白善信, 北部玄驹, 里见光钻, 目白光明, 樱花桂冠, 成田路, 高尚俊逸, 菱钻奇宝, 黄金巨匠, 凯旋芭蕾, 万籁争鸣, 超常骏骥"
3101,7,马场组,草地组,"特别周, 无声铃鹿, 东海帝王, 丸善斯基, 富士奇迹, 小栗帽, 黄金船, 伏特加, 大和赤骥, 大树快车, 草上飞, 菱亚马逊, 目白麦昆, 神鹰, 好歌剧, 鲁道夫象征, 气槽, 青云天空, 摩耶重炮, 目白赖恩, 米浴, 爱丽速子, 胜利奖券, 黄金城, 樱花进王, 超级小海湾, 待兼福来, 优秀素质, 圣王光环, 成田白仁, 爱丽数码, 玉藻十字, 美妙姿势, 琵琶晨光, 曼城茶座, 美浦波旁, 菱曙, 雪之美人, 艾尼斯风神1, 爱慕织姬, 稻荷一, 空中神宫, 荣进闪耀, 真机伶, 川上公主, 采珠, 东商变革, 荒漠英雄, 东瀛佐敦, 中山庆典, 成田大进, 西野花, 青竹回忆, 微光飞驹, 美丽周日, 千明代表, 名将怒涛, 目白多伯, 天狼星象征, 目白阿尔丹, 八重无敌, 待兼诗歌剧, 生野狄杜斯, 目白善信, 大拓太阳神, 双涡轮, 里见光钻, 北部玄驹, 目白光明, 樱花千代王, 鹤丸刚志, 樱花桂冠, 成田路, 北方飞翔, 吉兆, 谷水琴蕾, 第一红宝石, 目白高峰, 真弓快车, 高尚俊逸, 极峰, 强击, 凯斯奇迹, 森林宝穴, 莫名其妙, 也文摄辉, 葛城王牌, 新宇宙, 菱钻奇宝, 跳舞城, 里见皇冠, 大鸣大放, 莱茵力量, 西沙里奥, 空中救世主, 黄金巨匠, 贵妇人, 凯旋芭蕾, 梦之旅, 金镇之光, 万籁争鸣, 多旺达, 吹波糖, 超常骏骥, 放声欢呼, 唯独爱你"
3102,7,马场组,泥地组,"春乌拉拉, 爱丽数码, 稻荷一, 新光风, 醒目飞鹰, 小林历奇, 狂怒乐章, 创升, 北港火山, 奇锐骏"
3201,1,同生月,1月,"美妙姿势, 里见光钻, 吉兆, 放声欢呼"
3202,1,同生月,2月,"草上飞, 空中神宫, 春乌拉拉, 微光飞驹, 樱花千代王, 菱曙, 东瀛佐敦, 空中救世主, 贵妇人, 梦之旅"
3203,1,同生月,3月,"小栗帽, 黄金船, 大树快车, 菱亚马逊, 神鹰, 好歌剧, 鲁道夫象征, 琵琶晨光, 摩耶重炮, 曼城茶座, 雪之美人, 米浴, 胜利奖券, 荣进闪耀, 天狼星象征, 目白阿尔丹, 目白善信, 北部玄驹, 真弓快车, 高尚俊逸, 凯斯奇迹, 小林历奇, 奇锐骏, 创升, 极峰, 荒漠英雄, 爱慕织姬, 真机伶, 名将怒涛, 菱钻奇宝, 跳舞城, 里见皇冠, 大鸣大放, 西沙里奥, 唯独爱你"
3204,1,同生月,4月,"采珠, 东海帝王, 富士奇迹, 伏特加, 目白麦昆, 气槽, 青云天空, 美浦波旁, 目白赖恩, 艾尼斯风神1, 爱丽速子, 黄金城, 樱花进王, 醒目飞鹰, 千明代表, 优秀素质, 圣王光环, 八重无敌, 生野狄杜斯, 大拓太阳神, 双涡轮, 目白光明, 鹤丸刚志, 成田路, 北方飞翔, 第一红宝石, 目白高峰, 中山庆典, 新光风, 西野花, 葛城王牌, 莱茵力量, 凯旋芭蕾, 强击, 万籁争鸣, 吹波糖, 超常骏骥"
3205,1,同生月,5月,"特别周, 无声铃鹿, 丸善斯基, 大和赤骥, 成田白仁, 爱丽数码, 玉藻十字, 超级小海湾, 待兼福来, 待兼诗歌剧, 樱花桂冠, 狂怒乐章, 谷水琴蕾, 森林宝穴, 北港火山, 也文摄辉, 美丽周日, 稻荷一, 东商变革, 青竹回忆, 目白多伯, 新宇宙, 黄金巨匠, 金镇之光, 多旺达"
3206,1,同生月,6月,"成田大进, 莫名其妙, 川上公主"
3301,1,,,"春乌拉拉, 优秀素质, 双涡轮, 待兼诗歌剧, 生野狄杜斯, 目白阿尔丹, 微光飞驹, 雪之美人, 鹤丸刚志, 凯斯奇迹, 万籁争鸣, 凯旋芭蕾"
3401,1,,,"春乌拉拉, 黄金船, 伏特加, 爱丽数码, 米浴, 稻荷一, 荣进闪耀, 东商变革, 醒目飞鹰, 东瀛佐敦, 青竹回忆, 微光飞驹, 待兼福来, 优秀素质, 待兼诗歌剧, 生野狄杜斯, 目白善信, 双涡轮, 天狼星象征, 目白光明, 成田路, 狂怒乐章, 里见皇冠, 高尚俊逸, 强击, 小林历奇, 北港火山, 奇锐骏, 万籁争鸣, 菱钻奇宝, 跳舞城, 凯旋芭蕾, 梦之旅, 金镇之光, 多旺达, 超常骏骥"
3501,1,,,"特别周, 东海帝王, 黄金船, 好歌剧, 成田白仁, 鲁道夫象征, 青云天空, 琵琶晨光, 美浦波旁, 目白赖恩, 米浴, 艾尼斯风神1, 爱慕织姬, 胜利奖券, 空中神宫, 荣进闪耀, 黄金城, 荒漠英雄, 中山庆典, 成田大进, 待兼福来, 千明代表, 圣王光环, 待兼诗歌剧, 里见光钻, 北部玄驹, 樱花千代王, 八重无敌, 目白光明, 成田路, 谷水琴蕾, 里见皇冠, 森林宝穴, 莫名其妙, 万籁争鸣, 葛城王牌, 新宇宙, 大鸣大放, 黄金巨匠, 凯旋芭蕾, 梦之旅"
3502,1,,,"伏特加, 大和赤骥, 气槽, 雪之美人, 川上公主, 东商变革, 西野花, 目白多伯, 生野狄杜斯, 目白高峰, 极峰, 莱茵力量, 西沙里奥, 空中救世主, 贵妇人"
3503,1,,,"特别周, 东海帝王, 黄金船, 目白麦昆, 好歌剧, 鲁道夫象征, 气槽, 玉藻十字, 琵琶晨光, 摩耶重炮, 目白赖恩, 米浴, 稻荷一, 空中神宫, 荣进闪耀, 黄金城, 超级小海湾, 荒漠英雄, 东瀛佐敦, 成田大进, 美丽周日, 待兼福来, 千明代表, 名将怒涛, 目白多伯, 优秀素质, 待兼诗歌剧, 生野狄杜斯, 目白善信, 里见光钻, 北部玄驹, 八重无敌, 目白光明, 里见皇冠, 高尚俊逸, 极峰, 葛城王牌, 新宇宙, 菱钻奇宝, 黄金巨匠, 凯旋芭蕾, 梦之旅, 超常骏骥"
3504,1,,,"特别周, 东海帝王, 小栗帽, 黄金船, 伏特加, 大和赤骥, 菱亚马逊, 目白麦昆, 好歌剧, 成田白仁, 鲁道夫象征, 气槽, 爱丽数码, 青云天空, 玉藻十字, 琵琶晨光, 摩耶重炮, 米浴, 稻荷一, 胜利奖券, 空中神宫, 荣进闪耀, 东商变革, 超级小海湾, 荒漠英雄, 东瀛佐敦, 青竹回忆, 美丽周日, 千明代表, 名将怒涛, 优秀素质, 圣王光环, 待兼诗歌剧, 生野狄杜斯, 大拓太阳神, 双涡轮, 目白善信, 里见光钻, 北部玄驹, 目白阿尔丹, 八重无敌, 目白光明, 鹤丸刚志, 樱花桂冠, 成田路, 吉兆, 里见皇冠, 高尚俊逸, 极峰, 森林宝穴, 莫名其妙, 万籁争鸣, 葛城王牌, 菱钻奇宝, 跳舞城, 黄金巨匠, 贵妇人, 凯旋芭蕾, 梦之旅, 吹波糖, 超常骏骥"
3505,2,参加海外赛事,,"小栗帽, 爱丽数码, 菱曙, 雪之美人, 稻荷一, 新光风, 醒目飞鹰, 春乌拉拉, 双涡轮, 狂怒乐章, 创升, 小林历奇, 北港火山, 奇锐骏"
3506,2,,,"无声铃鹿, 黄金船, 伏特加, 大树快车, 神鹰, 鲁道夫象征, 爱丽数码, 曼城茶座, 空中神宫, 荣进闪耀, 真机伶, 采珠, 醒目飞鹰, 荒漠英雄, 中山庆典, 里见光钻, 天狼星象征, 樱花桂冠, 创升, 里见皇冠, 高尚俊逸, 强击, 北港火山, 万籁争鸣, 跳舞城, 大鸣大放, 西沙里奥, 黄金巨匠, 贵妇人, 金镇之光, 多旺达, 唯独爱你"
3507,1,,,"丸善斯基, 富士奇迹, 伏特加, 草上飞, 菱亚马逊, 成田白仁, 爱丽数码, 美浦波旁, 艾尼斯风神1, 爱丽速子, 爱慕织姬, 黄金城, 成田大进, 西野花, 目白多伯, 樱花千代王, 目白光明, 狂怒乐章, 梦之旅, 吹波糖"
3508,2,,,"大树快车, 菱曙, 真机伶, 樱花进王, 采珠, 醒目飞鹰, 西野花, 春乌拉拉, 青竹回忆, 微光飞驹, 圣王光环, 大拓太阳神, 也文摄辉, 第一红宝石, 真弓快车, 凯斯奇迹, 莱茵力量, 金镇之光, 多旺达, 放声欢呼"
3509,1,,,"无声铃鹿, 丸善斯基, 富士奇迹, 小栗帽, 伏特加, 大和赤骥, 大树快车, 草上飞, 菱亚马逊, 神鹰, 成田白仁, 爱丽数码, 美妙姿势, 采珠, 新光风, 东商变革, 醒目飞鹰, 西野花, 青竹回忆, 微光飞驹, 千明代表, 目白多伯, 圣王光环, 待兼诗歌剧, 生野狄杜斯, 大拓太阳神, 樱花千代王, 天狼星象征, 也文摄辉, 狂怒乐章, 创升, 北方飞翔, 谷水琴蕾, 第一红宝石, 目白高峰, 极峰, 强击, 小林历奇, 北港火山, 奇锐骏, 大鸣大放, 莱茵力量, 西沙里奥, 黄金巨匠, 贵妇人, 梦之旅, 多旺达, 吹波糖, 放声欢呼"
7000,1,对手,,"无声铃鹿, 神鹰"
7001,1,对手,,"无声铃鹿, 气槽"
7002,1,对手,,"无声铃鹿, 待兼福来"
7003,1,对手,,"特别周, 草上飞"
7004,1,对手,,"特别周, 神鹰"
7005,1,对手,,"特别周, 好歌剧"
7006,1,对手,,"特别周, 青云天空"
7007,1,对手,,"特别周, 圣王光环"
7008,1,对手,,"东海帝王, 目白麦昆"
7009,1,对手,,"小栗帽, 玉藻十字"
7010,1,对手,,"小栗帽, 目白赖恩"
7011,1,对手,,"小栗帽, 超级小海湾"
7012,1,对手,,"伏特加, 大和赤骥"
7013,1,对手,,"草上飞, 无声铃鹿"
7014,1,对手,,"菱亚马逊, 微光飞驹"
7015,1,对手,,"菱亚马逊, 无声铃鹿"
7016,1,对手,,"目白麦昆, 黄金船"
7017,1,对手,,"玉藻十字, 超级小海湾"
7018,1,对手,,"琵琶晨光, 胜利奖券"
7019,1,对手,,"琵琶晨光, 成田大进"
7020,1,对手,,"目白赖恩, 艾尼斯风神1"
7021,1,对手,,"胜利奖券, 成田大进"
7022,1,对手,,"优秀素质, 东海帝王"
7023,1,对手,,"圣王光环, 草上飞"
7024,1,对手,,"圣王光环, 青云天空"
7025,1,对手,,"樱花千代王, 目白阿尔丹"
7026,1,对手,,"八重无敌, 樱花千代王"
7027,1,对手,,"目白阿尔丹, 八重无敌"
7028,1,对手,,"东海帝王, 双涡轮"
7029,1,对手,,"里见光钻, 北部玄驹"
7030,1,对手,,"目白多伯, 目白光明"
7031,1,对手,,"小林历奇, 北港火山"
7032,1,对手,,"小林历奇, 奇锐骏"
7033,1,对手,,"北港火山, 奇锐骏"
8001,1,,,"特别周, 东海帝王"
8002,1,,,"特别周, 丸善斯基"
8003,1,,,"特别周, 目白麦昆"
8004,1,,,"特别周, 好歌剧"
8005,1,,,"特别周, 鲁道夫象征"
8006,1,,,"特别周, 美妙姿势"
8007,1,,,"特别周, 目白赖恩"
8008,1,,,"特别周, 真机伶"
8009,1,,,"特别周, 黄金城"
8010,1,,,"特别周, 新光风"
8011,1,,,"特别周, 超级小海湾"
8012,1,,,"特别周, 微光飞驹"
8013,1,,,"特别周, 待兼福来"
8014,1,,,"特别周, 名将怒涛"
8015,1,,,"特别周, 目白多伯"
8016,1,,,"特别周, 优秀素质"
8017,1,,,"无声铃鹿, 东海帝王"
8018,1,,,"无声铃鹿, 丸善斯基"
8019,1,,,"无声铃鹿, 目白麦昆"
8020,1,,,"无声铃鹿, 好歌剧"
8021,1,,,"无声铃鹿, 鲁道夫象征"
8022,1,,,"无声铃鹿, 美妙姿势"
8023,1,,,"无声铃鹿, 目白赖恩"
8024,1,,,"无声铃鹿, 真机伶"
8025,1,,,"无声铃鹿, 黄金城"
8026,1,,,"无声铃鹿, 新光风"
8027,1,,,"无声铃鹿, 超级小海湾"
8028,1,,,"无声铃鹿, 微光飞驹"
8029,1,,,"无声铃鹿, 待兼福来"
8030,1,,,"无声铃鹿, 名将怒涛"
8031,1,,,"无声铃鹿, 目白多伯"
8032,1,,,"无声铃鹿, 优秀素质"
8033,1,,,"东海帝王, 黄金船"
8034,1,,,"东海帝王, 大和赤骥"
8035,1,,,"东海帝王, 气槽"
8036,1,,,"东海帝王, 玉藻十字"
8037,1,,,"东海帝王, 琵琶晨光"
8038,1,,,"东海帝王, 胜利奖券"
8039,1,,,"东海帝王, 醒目飞鹰"
8040,1,,,"东海帝王, 东瀛佐敦"
8041,1,,,"东海帝王, 中山庆典"
8042,1,,,"东海帝王, 成田大进"
8043,1,,,"丸善斯基, 黄金船"
8044,1,,,"丸善斯基, 大和赤骥"
8045,1,,,"丸善斯基, 气槽"
8046,1,,,"丸善斯基, 玉藻十字"
8047,1,,,"丸善斯基, 琵琶晨光"
8048,1,,,"丸善斯基, 胜利奖券"
8049,1,,,"丸善斯基, 醒目飞鹰"
8050,1,,,"丸善斯基, 东瀛佐敦"
8051,1,,,"丸善斯基, 中山庆典"
8052,1,,,"富士奇迹, 东海帝王"
8053,1,,,"富士奇迹, 丸善斯基"
8054,1,,,"富士奇迹, 目白麦昆"
8055,1,,,"富士奇迹, 好歌剧"
8056,1,,,"富士奇迹, 鲁道夫象征"
8057,1,,,"富士奇迹, 美妙姿势"
8058,1,,,"富士奇迹, 目白赖恩"
8059,1,,,"富士奇迹, 真机伶"
8060,1,,,"富士奇迹, 黄金城"
8061,1,,,"富士奇迹, 新光风"
8062,1,,,"富士奇迹, 超级小海湾"
8063,1,,,"富士奇迹, 微光飞驹"
8064,1,,,"富士奇迹, 待兼福来"
8065,1,,,"富士奇迹, 名将怒涛"
8066,1,,,"富士奇迹, 目白多伯"
8067,1,,,"富士奇迹, 优秀素质"
8068,1,,,"小栗帽, 丸善斯基"
8069,1,,,"小栗帽, 美妙姿势"
8070,1,,,"小栗帽, 超级小海湾"
8071,1,,,"小栗帽, 微光飞驹"
8072,1,,,"黄金船, 气槽"
8073,1,,,"黄金船, 玉藻十字"
8074,1,,,"黄金船, 琵琶晨光"
8075,1,,,"黄金船, 胜利奖券"
8076,1,,,"黄金船, 东瀛佐敦"
8077,1,,,"大和赤骥, 气槽"
8078,1,,,"大和赤骥, 玉藻十字"
8079,1,,,"大和赤骥, 琵琶晨光"
8080,1,,,"大和赤骥, 胜利奖券"
8081,1,,,"大和赤骥, 东瀛佐敦"
8082,1,,,"大树快车, 东海帝王"
8083,1,,,"大树快车, 丸善斯基"
8084,1,,,"大树快车, 目白麦昆"
8085,1,,,"大树快车, 好歌剧"
8086,1,,,"大树快车, 鲁道夫象征"
8087,1,,,"大树快车, 美妙姿势"
8088,1,,,"大树快车, 目白赖恩"
8089,1,,,"大树快车, 真机伶"
8090,1,,,"大树快车, 黄金城"
8091,1,,,"大树快车, 新光风"
8092,1,,,"大树快车, 超级小海湾"
8093,1,,,"大树快车, 微光飞驹"
8094,1,,,"大树快车, 待兼福来"
8095,1,,,"大树快车, 名将怒涛"
8096,1,,,"大树快车, 目白多伯"
8097,1,,,"大树快车, 优秀素质"
8098,1,,,"目白麦昆, 黄金船"
8099,1,,,"目白麦昆, 大和赤骥"
8100,1,,,"目白麦昆, 气槽"
8101,1,,,"目白麦昆, 玉藻十字"
8102,1,,,"目白麦昆, 琵琶晨光"
8103,1,,,"目白麦昆, 胜利奖券"
8104,1,,,"目白麦昆, 醒目飞鹰"
8105,1,,,"目白麦昆, 东瀛佐敦"
8106,1,,,"目白麦昆, 中山庆典"
8107,1,,,"目白麦昆, 成田大进"
8108,1,,,"神鹰, 丸善斯基"
8109,1,,,"神鹰, 黄金船"
8110,1,,,"神鹰, 大和赤骥"
8111,1,,,"神鹰, 美妙姿势"
8112,1,,,"神鹰, 超级小海湾"
8113,1,,,"神鹰, 醒目飞鹰"
8114,1,,,"神鹰, 中山庆典"
8115,1,,,"神鹰, 微光飞驹"
8116,1,,,"好歌剧, 小栗帽"
8117,1,,,"好歌剧, 成田大进"
8118,1,,,"成田白仁, 东海帝王"
8119,1,,,"成田白仁, 丸善斯基"
8120,1,,,"成田白仁, 目白麦昆"
8121,1,,,"成田白仁, 好歌剧"
8122,1,,,"成田白仁, 鲁道夫象征"
8123,1,,,"成田白仁, 美妙姿势"
8124,1,,,"成田白仁, 目白赖恩"
8125,1,,,"成田白仁, 真机伶"
8126,1,,,"成田白仁, 黄金城"
8127,1,,,"成田白仁, 新光风"
8128,1,,,"成田白仁, 超级小海湾"
8129,1,,,"成田白仁, 微光飞驹"
8130,1,,,"成田白仁, 待兼福来"
8131,1,,,"成田白仁, 名将怒涛"
8132,1,,,"成田白仁, 目白多伯"
8133,1,,,"成田白仁, 优秀素质"
8134,1,,,"鲁道夫象征, 黄金船"
8135,1,,,"鲁道夫象征, 大和赤骥"
8136,1,,,"鲁道夫象征, 气槽"
8137,1,,,"鲁道夫象征, 玉藻十字"
8138,1,,,"鲁道夫象征, 琵琶晨光"
8139,1,,,"鲁道夫象征, 胜利奖券"
8140,1,,,"鲁道夫象征, 醒目飞鹰"
8141,1,,,"鲁道夫象征, 东瀛佐敦"
8142,1,,,"鲁道夫象征, 中山庆典"
8143,1,,,"鲁道夫象征, 成田大进"
8144,1,,,"爱丽数码, 丸善斯基"
8145,1,,,"爱丽数码, 黄金船"
8146,1,,,"爱丽数码, 大和赤骥"
8147,1,,,"爱丽数码, 美妙姿势"
8148,1,,,"爱丽数码, 超级小海湾"
8149,1,,,"爱丽数码, 醒目飞鹰"
8150,1,,,"爱丽数码, 中山庆典"
8151,1,,,"爱丽数码, 微光飞驹"
8152,1,,,"青云天空, 丸善斯基"
8153,1,,,"青云天空, 好歌剧"
8154,1,,,"青云天空, 目白赖恩"
8155,1,,,"青云天空, 真机伶"
8156,1,,,"青云天空, 黄金城"
8157,1,,,"青云天空, 新光风"
8158,1,,,"青云天空, 超级小海湾"
8159,1,,,"青云天空, 名将怒涛"
8160,1,,,"青云天空, 目白多伯"
8161,1,,,"青云天空, 优秀素质"
8162,1,,,"曼城茶座, 东海帝王"
8163,1,,,"曼城茶座, 丸善斯基"
8164,1,,,"曼城茶座, 目白麦昆"
8165,1,,,"曼城茶座, 好歌剧"
8166,1,,,"曼城茶座, 鲁道夫象征"
8167,1,,,"曼城茶座, 美妙姿势"
8168,1,,,"曼城茶座, 目白赖恩"
8169,1,,,"曼城茶座, 真机伶"
8170,1,,,"曼城茶座, 黄金城"
8171,1,,,"曼城茶座, 新光风"
8172,1,,,"曼城茶座, 超级小海湾"
8173,1,,,"曼城茶座, 微光飞驹"
8174,1,,,"曼城茶座, 待兼福来"
8175,1,,,"曼城茶座, 名将怒涛"
8176,1,,,"曼城茶座, 目白多伯"
8177,1,,,"曼城茶座, 优秀素质"
8178,1,,,"目白赖恩, 小栗帽"
8179,1,,,"目白赖恩, 成田大进"
8180,1,,,"菱曙, 丸善斯基"
8181,1,,,"菱曙, 黄金船"
8182,1,,,"菱曙, 大和赤骥"
8183,1,,,"菱曙, 美妙姿势"
8184,1,,,"菱曙, 超级小海湾"
8185,1,,,"菱曙, 醒目飞鹰"
8186,1,,,"菱曙, 中山庆典"
8187,1,,,"菱曙, 微光飞驹"
8188,1,,,"雪之美人, 丸善斯基"
8189,1,,,"雪之美人, 好歌剧"
8190,1,,,"雪之美人, 气槽"
8191,1,,,"雪之美人, 玉藻十字"
8192,1,,,"雪之美人, 琵琶晨光"
8193,1,,,"雪之美人, 目白赖恩"
8194,1,,,"雪之美人, 胜利奖券"
8195,1,,,"雪之美人, 真机伶"
8196,1,,,"雪之美人, 黄金城"
8197,1,,,"雪之美人, 新光风"
8198,1,,,"雪之美人, 超级小海湾"
8199,1,,,"雪之美人, 东瀛佐敦"
8200,1,,,"雪之美人, 名将怒涛"
8201,1,,,"雪之美人, 目白多伯"
8202,1,,,"雪之美人, 优秀素质"
8203,1,,,"米浴, 东海帝王"
8204,1,,,"米浴, 丸善斯基"
8205,1,,,"米浴, 目白麦昆"
8206,1,,,"米浴, 好歌剧"
8207,1,,,"米浴, 鲁道夫象征"
8208,1,,,"米浴, 美妙姿势"
8209,1,,,"米浴, 目白赖恩"
8210,1,,,"米浴, 真机伶"
8211,1,,,"米浴, 黄金城"
8212,1,,,"米浴, 新光风"
8213,1,,,"米浴, 超级小海湾"
8214,1,,,"米浴, 微光飞驹"
8215,1,,,"米浴, 待兼福来"
8216,1,,,"米浴, 名将怒涛"
8217,1,,,"米浴, 目白多伯"
8218,1,,,"米浴, 优秀素质"
8219,1,,,"爱丽速子, 东海帝王"
8220,1,,,"爱丽速子, 丸善斯基"
8221,1,,,"爱丽速子, 目白麦昆"
8222,1,,,"爱丽速子, 好歌剧"
8223,1,,,"爱丽速子, 鲁道夫象征"
8224,1,,,"爱丽速子, 美妙姿势"
8225,1,,,"爱丽速子, 目白赖恩"
8226,1,,,"爱丽速子, 真机伶"
8227,1,,,"爱丽速子, 黄金城"
8228,1,,,"爱丽速子, 新光风"
8229,1,,,"爱丽速子, 超级小海湾"
8230,1,,,"爱丽速子, 微光飞驹"
8231,1,,,"爱丽速子, 待兼福来"
8232,1,,,"爱丽速子, 名将怒涛"
8233,1,,,"爱丽速子, 目白多伯"
8234,1,,,"爱丽速子, 优秀素质"
8235,1,,,"爱慕织姬, 东海帝王"
8236,1,,,"爱慕织姬, 丸善斯基"
8237,1,,,"爱慕织姬, 目白麦昆"
8238,1,,,"爱慕织姬, 好歌剧"
8239,1,,,"爱慕织姬, 鲁道夫象征"
8240,1,,,"爱慕织姬, 美妙姿势"
8241,1,,,"爱慕织姬, 目白赖恩"
8242,1,,,"爱慕织姬, 真机伶"
8243,1,,,"爱慕织姬, 黄金城"
8244,1,,,"爱慕织姬, 新光风"
8245,1,,,"爱慕织姬, 超级小海湾"
8246,1,,,"爱慕织姬, 微光飞驹"
8247,1,,,"爱慕织姬, 待兼福来"
8248,1,,,"爱慕织姬, 名将怒涛"
8249,1,,,"爱慕织姬, 目白多伯"
8250,1,,,"爱慕织姬, 优秀素质"
8251,1,,,"空中神宫, 东海帝王"
8252,1,,,"空中神宫, 丸善斯基"
8253,1,,,"空中神宫, 目白麦昆"
8254,1,,,"空中神宫, 好歌剧"
8255,1,,,"空中神宫, 鲁道夫象征"
8256,1,,,"空中神宫, 美妙姿势"
8257,1,,,"空中神宫, 目白赖恩"
8258,1,,,"空中神宫, 真机伶"
8259,1,,,"空中神宫, 黄金城"
8260,1,,,"空中神宫, 新光风"
8261,1,,,"空中神宫, 超级小海湾"
8262,1,,,"空中神宫, 微光飞驹"
8263,1,,,"空中神宫, 待兼福来"
8264,1,,,"空中神宫, 名将怒涛"
8265,1,,,"空中神宫, 目白多伯"
8266,1,,,"空中神宫, 优秀素质"
8267,1,,,"荣进闪耀, 丸善斯基"
8268,1,,,"荣进闪耀, 黄金船"
8269,1,,,"荣进闪耀, 大和赤骥"
8270,1,,,"荣进闪耀, 美妙姿势"
8271,1,,,"荣进闪耀, 超级小海湾"
8272,1,,,"荣进闪耀, 醒目飞鹰"
8273,1,,,"荣进闪耀, 中山庆典"
8274,1,,,"荣进闪耀, 微光飞驹"
8275,1,,,"真机伶, 小栗帽"
8276,1,,,"真机伶, 成田大进"
8277,1,,,"川上公主, 东海帝王"
8278,1,,,"川上公主, 黄金船"
8279,1,,,"川上公主, 大和赤骥"
8280,1,,,"川上公主, 目白麦昆"
8281,1,,,"川上公主, 鲁道夫象征"
8282,1,,,"川上公主, 醒目飞鹰"
8283,1,,,"川上公主, 中山庆典"
8284,1,,,"川上公主, 成田大进"
8285,1,,,"黄金城, 小栗帽"
8286,1,,,"黄金城, 成田大进"
8287,1,,,"樱花进王, 丸善斯基"
8288,1,,,"樱花进王, 好歌剧"
8289,1,,,"樱花进王, 气槽"
8290,1,,,"樱花进王, 玉藻十字"
8291,1,,,"樱花进王, 琵琶晨光"
8292,1,,,"樱花进王, 目白赖恩"
8293,1,,,"樱花进王, 胜利奖券"
8294,1,,,"樱花进王, 真机伶"
8295,1,,,"樱花进王, 黄金城"
8296,1,,,"樱花进王, 新光风"
8297,1,,,"樱花进王, 超级小海湾"
8298,1,,,"樱花进王, 东瀛佐敦"
8299,1,,,"樱花进王, 名将怒涛"
8300,1,,,"樱花进王, 目白多伯"
8301,1,,,"樱花进王, 优秀素质"
8302,1,,,"采珠, 丸善斯基"
8303,1,,,"采珠, 黄金船"
8304,1,,,"采珠, 大和赤骥"
8305,1,,,"采珠, 美妙姿势"
8306,1,,,"采珠, 超级小海湾"
8307,1,,,"采珠, 醒目飞鹰"
8308,1,,,"采珠, 中山庆典"
8309,1,,,"采珠, 微光飞驹"
8310,1,,,"新光风, 小栗帽"
8311,1,,,"新光风, 成田大进"
8312,1,,,"东商变革, 丸善斯基"
8313,1,,,"东商变革, 黄金船"
8314,1,,,"东商变革, 大和赤骥"
8315,1,,,"东商变革, 美妙姿势"
8316,1,,,"东商变革, 超级小海湾"
8317,1,,,"东商变革, 醒目飞鹰"
8318,1,,,"东商变革, 中山庆典"
8319,1,,,"东商变革, 微光飞驹"
8320,1,,,"超级小海湾, 黄金船"
8321,1,,,"超级小海湾, 大和赤骥"
8322,1,,,"超级小海湾, 气槽"
8323,1,,,"超级小海湾, 玉藻十字"
8324,1,,,"超级小海湾, 琵琶晨光"
8325,1,,,"超级小海湾, 胜利奖券"
8326,1,,,"超级小海湾, 醒目飞鹰"
8327,1,,,"超级小海湾, 东瀛佐敦"
8328,1,,,"超级小海湾, 中山庆典"
8329,1,,,"醒目飞鹰, 气槽"
8330,1,,,"醒目飞鹰, 玉藻十字"
8331,1,,,"醒目飞鹰, 琵琶晨光"
8332,1,,,"醒目飞鹰, 胜利奖券"
8333,1,,,"醒目飞鹰, 东瀛佐敦"
8334,1,,,"荒漠英雄, 东海帝王"
8335,1,,,"荒漠英雄, 丸善斯基"
8336,1,,,"荒漠英雄, 目白麦昆"
8337,1,,,"荒漠英雄, 好歌剧"
8338,1,,,"荒漠英雄, 鲁道夫象征"
8339,1,,,"荒漠英雄, 美妙姿势"
8340,1,,,"荒漠英雄, 目白赖恩"
8341,1,,,"荒漠英雄, 真机伶"
8342,1,,,"荒漠英雄, 黄金城"
8343,1,,,"荒漠英雄, 新光风"
8344,1,,,"荒漠英雄, 超级小海湾"
8345,1,,,"荒漠英雄, 微光飞驹"
8346,1,,,"荒漠英雄, 待兼福来"
8347,1,,,"荒漠英雄, 名将怒涛"
8348,1,,,"荒漠英雄, 目白多伯"
8349,1,,,"荒漠英雄, 优秀素质"
8350,1,,,"中山庆典, 气槽"
8351,1,,,"中山庆典, 玉藻十字"
8352,1,,,"中山庆典, 琵琶晨光"
8353,1,,,"中山庆典, 胜利奖券"
8354,1,,,"中山庆典, 东瀛佐敦"
8355,1,,,"成田大进, 丸善斯基"
8356,1,,,"成田大进, 超级小海湾"
8357,1,,,"西野花, 菱亚马逊"
8358,1,,,"西野花, 好歌剧"
8359,1,,,"西野花, 目白赖恩"
8360,1,,,"西野花, 艾尼斯风神1"
8361,1,,,"西野花, 真机伶"
8362,1,,,"西野花, 川上公主"
8363,1,,,"西野花, 黄金城"
8364,1,,,"西野花, 新光风"
8365,1,,,"西野花, 成田大进"
8366,1,,,"西野花, 春乌拉拉"
8367,1,,,"西野花, 青竹回忆"
8368,1,,,"西野花, 名将怒涛"
8369,1,,,"西野花, 目白多伯"
8370,1,,,"西野花, 优秀素质"
8371,1,,,"西野花, 圣王光环"
8372,1,,,"春乌拉拉, 东海帝王"
8373,1,,,"春乌拉拉, 黄金船"
8374,1,,,"春乌拉拉, 大和赤骥"
8375,1,,,"春乌拉拉, 目白麦昆"
8376,1,,,"春乌拉拉, 鲁道夫象征"
8377,1,,,"春乌拉拉, 醒目飞鹰"
8378,1,,,"春乌拉拉, 中山庆典"
8379,1,,,"春乌拉拉, 成田大进"
8380,1,,,"美丽周日, 东海帝王"
8381,1,,,"美丽周日, 丸善斯基"
8382,1,,,"美丽周日, 目白麦昆"
8383,1,,,"美丽周日, 好歌剧"
8384,1,,,"美丽周日, 鲁道夫象征"
8385,1,,,"美丽周日, 美妙姿势"
8386,1,,,"美丽周日, 目白赖恩"
8387,1,,,"美丽周日, 真机伶"
8388,1,,,"美丽周日, 黄金城"
8389,1,,,"美丽周日, 新光风"
8390,1,,,"美丽周日, 超级小海湾"
8391,1,,,"美丽周日, 微光飞驹"
8392,1,,,"美丽周日, 待兼福来"
8393,1,,,"美丽周日, 名将怒涛"
8394,1,,,"美丽周日, 目白多伯"
8395,1,,,"美丽周日, 优秀素质"
8396,1,,,"待兼福来, 丸善斯基"
8397,1,,,"待兼福来, 超级小海湾"
8398,1,,,"千明代表, 丸善斯基"
8399,1,,,"千明代表, 好歌剧"
8400,1,,,"千明代表, 气槽"
8401,1,,,"千明代表, 玉藻十字"
8402,1,,,"千明代表, 琵琶晨光"
8403,1,,,"千明代表, 目白赖恩"
8404,1,,,"千明代表, 胜利奖券"
8405,1,,,"千明代表, 真机伶"
8406,1,,,"千明代表, 黄金城"
8407,1,,,"千明代表, 新光风"
8408,1,,,"千明代表, 超级小海湾"
8409,1,,,"千明代表, 东瀛佐敦"
8410,1,,,"千明代表, 名将怒涛"
8411,1,,,"千明代表, 目白多伯"
8412,1,,,"千明代表, 优秀素质"
8413,1,,,"名将怒涛, 小栗帽"
8414,1,,,"名将怒涛, 成田大进"
8415,1,,,"目白多伯, 小栗帽"
8416,1,,,"目白多伯, 成田大进"
8417,1,,,"优秀素质, 小栗帽"
8418,1,,,"优秀素质, 成田大进"
8419,1,,,"圣王光环, 东海帝王"
8420,1,,,"圣王光环, 黄金船"
8421,1,,,"圣王光环, 大和赤骥"
8422,1,,,"圣王光环, 目白麦昆"
8423,1,,,"圣王光环, 鲁道夫象征"
8424,1,,,"圣王光环, 醒目飞鹰"
8425,1,,,"圣王光环, 中山庆典"
8426,1,,,"圣王光环, 成田大进"
8427,1,,,"樱花千代王, 气槽"
8428,1,,,"樱花千代王, 玉藻十字"
8429,1,,,"樱花千代王, 琵琶晨光"
8430,1,,,"樱花千代王, 胜利奖券"
8431,1,,,"樱花千代王, 东瀛佐敦"
8432,1,,,"樱花千代王, 黄金船"
8433,1,,,"樱花千代王, 大和赤骥"
8434,1,,,"樱花千代王, 醒目飞鹰"
8435,1,,,"樱花千代王, 中山庆典"
8436,1,,,"樱花千代王, 小栗帽"
8437,1,,,"樱花千代王, 成田大进"
8438,1,,,"樱花千代王, 青云天空"
8439,1,,,"樱花千代王, 待兼福来"
8440,1,,,"樱花千代王, 雪之美人"
8441,1,,,"樱花千代王, 樱花进王"
8442,1,,,"樱花千代王, 千明代表"
8443,1,,,"樱花千代王, 特别周"
8444,1,,,"樱花千代王, 无声铃鹿"
8445,1,,,"樱花千代王, 富士奇迹"
8446,1,,,"樱花千代王, 大树快车"
8447,1,,,"樱花千代王, 成田白仁"
8448,1,,,"樱花千代王, 曼城茶座"
8449,1,,,"樱花千代王, 米浴"
8450,1,,,"樱花千代王, 爱丽速子"
8451,1,,,"樱花千代王, 爱慕织姬"
8452,1,,,"樱花千代王, 空中神宫"
8453,1,,,"樱花千代王, 荒漠英雄"
8454,1,,,"樱花千代王, 美丽周日"
8455,1,,,"樱花千代王, 神鹰"
8456,1,,,"樱花千代王, 爱丽数码"
8457,1,,,"樱花千代王, 菱曙"
8458,1,,,"樱花千代王, 荣进闪耀"
8459,1,,,"樱花千代王, 采珠"
8460,1,,,"樱花千代王, 东商变革"
8461,1,,,"天狼星象征, 黄金船"
8462,1,,,"天狼星象征, 大和赤骥"
8463,1,,,"天狼星象征, 醒目飞鹰"
8464,1,,,"天狼星象征, 中山庆典"
8465,1,,,"天狼星象征, 里见光钻"
8466,1,,,"天狼星象征, 北部玄驹"
8467,1,,,"天狼星象征, 成田大进"
8468,1,,,"天狼星象征, 东海帝王"
8469,1,,,"天狼星象征, 目白麦昆"
8470,1,,,"天狼星象征, 鲁道夫象征"
8471,1,,,"天狼星象征, 西野花"
8472,1,,,"目白阿尔丹, 小栗帽"
8473,1,,,"目白阿尔丹, 成田大进"
8474,1,,,"目白阿尔丹, 青云天空"
8475,1,,,"目白阿尔丹, 雪之美人"
8476,1,,,"目白阿尔丹, 樱花进王"
8477,1,,,"目白阿尔丹, 千明代表"
8478,1,,,"目白阿尔丹, 目白善信"
8479,1,,,"目白阿尔丹, 特别周"
8480,1,,,"目白阿尔丹, 无声铃鹿"
8481,1,,,"目白阿尔丹, 富士奇迹"
8482,1,,,"目白阿尔丹, 大树快车"
8483,1,,,"目白阿尔丹, 成田白仁"
8484,1,,,"目白阿尔丹, 曼城茶座"
8485,1,,,"目白阿尔丹, 米浴"
8486,1,,,"目白阿尔丹, 爱丽速子"
8487,1,,,"目白阿尔丹, 爱慕织姬"
8488,1,,,"目白阿尔丹, 空中神宫"
8489,1,,,"目白阿尔丹, 荒漠英雄"
8490,1,,,"目白阿尔丹, 美丽周日"
8491,1,,,"目白阿尔丹, 西野花"
8492,1,,,"八重无敌, 气槽"
8493,1,,,"八重无敌, 玉藻十字"
8494,1,,,"八重无敌, 琵琶晨光"
8495,1,,,"八重无敌, 胜利奖券"
8496,1,,,"八重无敌, 东瀛佐敦"
8497,1,,,"八重无敌, 黄金船"
8498,1,,,"八重无敌, 大和赤骥"
8499,1,,,"八重无敌, 醒目飞鹰"
8500,1,,,"八重无敌, 中山庆典"
8501,1,,,"八重无敌, 里见光钻"
8502,1,,,"八重无敌, 北部玄驹"
8503,1,,,"八重无敌, 小栗帽"
8504,1,,,"八重无敌, 成田大进"
8505,1,,,"八重无敌, 青云天空"
8506,1,,,"八重无敌, 待兼福来"
8507,1,,,"八重无敌, 雪之美人"
8508,1,,,"八重无敌, 樱花进王"
8509,1,,,"八重无敌, 千明代表"
8510,1,,,"八重无敌, 目白善信"
8511,1,,,"八重无敌, 特别周"
8512,1,,,"八重无敌, 无声铃鹿"
8513,1,,,"八重无敌, 富士奇迹"
8514,1,,,"八重无敌, 大树快车"
8515,1,,,"八重无敌, 成田白仁"
8516,1,,,"八重无敌, 曼城茶座"
8517,1,,,"八重无敌, 米浴"
8518,1,,,"八重无敌, 爱丽速子"
8519,1,,,"八重无敌, 爱慕织姬"
8520,1,,,"八重无敌, 空中神宫"
8521,1,,,"八重无敌, 荒漠英雄"
8522,1,,,"八重无敌, 美丽周日"
8523,1,,,"八重无敌, 神鹰"
8524,1,,,"八重无敌, 爱丽数码"
8525,1,,,"八重无敌, 菱曙"
8526,1,,,"八重无敌, 荣进闪耀"
8527,1,,,"八重无敌, 采珠"
8528,1,,,"八重无敌, 东商变革"
8529,1,,,"待兼诗歌剧, 小栗帽"
8530,1,,,"待兼诗歌剧, 成田大进"
8531,1,,,"待兼诗歌剧, 青云天空"
8532,1,,,"待兼诗歌剧, 雪之美人"
8533,1,,,"待兼诗歌剧, 樱花进王"
8534,1,,,"待兼诗歌剧, 千明代表"
8535,1,,,"待兼诗歌剧, 目白善信"
8536,1,,,"待兼诗歌剧, 特别周"
8537,1,,,"待兼诗歌剧, 无声铃鹿"
8538,1,,,"待兼诗歌剧, 富士奇迹"
8539,1,,,"待兼诗歌剧, 大树快车"
8540,1,,,"待兼诗歌剧, 成田白仁"
8541,1,,,"待兼诗歌剧, 曼城茶座"
8542,1,,,"待兼诗歌剧, 米浴"
8543,1,,,"待兼诗歌剧, 爱丽速子"
8544,1,,,"待兼诗歌剧, 爱慕织姬"
8545,1,,,"待兼诗歌剧, 空中神宫"
8546,1,,,"待兼诗歌剧, 荒漠英雄"
8547,1,,,"待兼诗歌剧, 美丽周日"
8548,1,,,"待兼诗歌剧, 西野花"
8549,1,,,"生野狄杜斯, 气槽"
8550,1,,,"生野狄杜斯, 玉藻十字"
8551,1,,,"生野狄杜斯, 琵琶晨光"
8552,1,,,"生野狄杜斯, 胜利奖券"
8553,1,,,"生野狄杜斯, 东瀛佐敦"
8554,1,,,"生野狄杜斯, 成田大进"
8555,1,,,"目白善信, 丸善斯基"
8556,1,,,"目白善信, 超级小海湾"
8557,1,,,"目白善信, 樱花千代王"
8559,1,,,"目白善信, 好歌剧"
8560,1,,,"目白善信, 真机伶"
8561,1,,,"目白善信, 黄金城"
8562,1,,,"目白善信, 新光风"
8563,1,,,"目白善信, 名将怒涛"
8564,1,,,"目白善信, 优秀素质"
8565,1,,,"目白善信, 目白赖恩"
8566,1,,,"目白善信, 目白多伯"
8569,1,,,"目白善信, 雪之美人"
8570,1,,,"目白善信, 樱花进王"
8571,1,,,"目白善信, 千明代表"
8572,1,,,"大拓太阳神, 成田大进"
8573,1,,,"大拓太阳神, 雪之美人"
8574,1,,,"大拓太阳神, 樱花进王"
8575,1,,,"大拓太阳神, 千明代表"
8576,1,,,"双涡轮, 黄金船"
8577,1,,,"双涡轮, 大和赤骥"
8578,1,,,"双涡轮, 醒目飞鹰"
8579,1,,,"双涡轮, 中山庆典"
8580,1,,,"双涡轮, 里见光钻"
8581,1,,,"双涡轮, 北部玄驹"
8582,1,,,"双涡轮, 成田大进"
8583,1,,,"双涡轮, 东海帝王"
8584,1,,,"双涡轮, 目白麦昆"
8585,1,,,"双涡轮, 鲁道夫象征"
8586,1,,,"双涡轮, 西野花"
8587,1,,,"北部玄驹, 气槽"
8588,1,,,"北部玄驹, 玉藻十字"
8589,1,,,"北部玄驹, 琵琶晨光"
8590,1,,,"北部玄驹, 胜利奖券"
8591,1,,,"北部玄驹, 东瀛佐敦"
8592,1,,,"北部玄驹, 丸善斯基"
8593,1,,,"北部玄驹, 超级小海湾"
8594,1,,,"北部玄驹, 樱花千代王"
8596,1,,,"北部玄驹, 东海帝王"
8597,1,,,"北部玄驹, 目白麦昆"
8598,1,,,"北部玄驹, 鲁道夫象征"
8599,1,,,"北部玄驹, 神鹰"
8600,1,,,"北部玄驹, 爱丽数码"
8601,1,,,"北部玄驹, 菱曙"
8602,1,,,"北部玄驹, 荣进闪耀"
8603,1,,,"北部玄驹, 采珠"
8604,1,,,"北部玄驹, 东商变革"
8605,1,,,"北部玄驹, 川上公主"
8606,1,,,"北部玄驹, 春乌拉拉"
8607,1,,,"北部玄驹, 圣王光环"
8610,1,,,"里见光钻, 气槽"
8611,1,,,"里见光钻, 玉藻十字"
8612,1,,,"里见光钻, 琵琶晨光"
8613,1,,,"里见光钻, 胜利奖券"
8614,1,,,"里见光钻, 东瀛佐敦"
8615,1,,,"里见光钻, 丸善斯基"
8616,1,,,"里见光钻, 超级小海湾"
8617,1,,,"里见光钻, 樱花千代王"
8619,1,,,"里见光钻, 东海帝王"
8620,1,,,"里见光钻, 目白麦昆"
8621,1,,,"里见光钻, 鲁道夫象征"
8622,1,,,"里见光钻, 神鹰"
8623,1,,,"里见光钻, 爱丽数码"
8624,1,,,"里见光钻, 菱曙"
8625,1,,,"里见光钻, 荣进闪耀"
8626,1,,,"里见光钻, 采珠"
8627,1,,,"里见光钻, 东商变革"
8628,1,,,"里见光钻, 川上公主"
8629,1,,,"里见光钻, 春乌拉拉"
8630,1,,,"里见光钻, 圣王光环"
8633,1,,,"目白光明, 小栗帽"
8634,1,,,"目白光明, 成田大进"
8635,1,,,"目白光明, 青云天空"
8636,1,,,"目白光明, 雪之美人"
8637,1,,,"目白光明, 樱花进王"
8638,1,,,"目白光明, 千明代表"
8639,1,,,"目白光明, 目白善信"
8640,1,,,"目白光明, 特别周"
8641,1,,,"目白光明, 无声铃鹿"
8642,1,,,"目白光明, 富士奇迹"
8643,1,,,"目白光明, 大树快车"
8644,1,,,"目白光明, 成田白仁"
8645,1,,,"目白光明, 曼城茶座"
8646,1,,,"目白光明, 米浴"
8647,1,,,"目白光明, 爱丽速子"
8648,1,,,"目白光明, 爱慕织姬"
8649,1,,,"目白光明, 空中神宫"
8650,1,,,"目白光明, 荒漠英雄"
8651,1,,,"目白光明, 美丽周日"
8652,1,,,"目白光明, 西野花"
8653,1,,,"鹤丸刚志, 气槽"
8654,1,,,"鹤丸刚志, 玉藻十字"
8655,1,,,"鹤丸刚志, 琵琶晨光"
8656,1,,,"鹤丸刚志, 胜利奖券"
8657,1,,,"鹤丸刚志, 东瀛佐敦"
8658,1,,,"鹤丸刚志, 北方飞翔"
8659,1,,,"鹤丸刚志, 真弓快车"
8660,1,,,"鹤丸刚志, 森林宝穴"
8661,1,,,鹤丸刚志
8662,1,,,"鹤丸刚志, 黄金船"
8663,1,,,"鹤丸刚志, 大和赤骥"
8664,1,,,"鹤丸刚志, 醒目飞鹰"
8665,1,,,"鹤丸刚志, 中山庆典"
8666,1,,,"鹤丸刚志, 里见光钻"
8667,1,,,"鹤丸刚志, 北部玄驹"
8668,1,,,鹤丸刚志
8669,1,,,"鹤丸刚志, 高尚俊逸"
8670,1,,,"鹤丸刚志, 极峰"
8671,1,,,"鹤丸刚志, 强击"
8672,1,,,"鹤丸刚志, 小林历奇"
8673,1,,,"鹤丸刚志, 万籁争鸣"
8674,1,,,"鹤丸刚志, 成田大进"
8675,1,,,"鹤丸刚志, 特别周"
8676,1,,,"鹤丸刚志, 无声铃鹿"
8677,1,,,"鹤丸刚志, 富士奇迹"
8678,1,,,"鹤丸刚志, 大树快车"
8679,1,,,"鹤丸刚志, 成田白仁"
8680,1,,,"鹤丸刚志, 曼城茶座"
8681,1,,,"鹤丸刚志, 米浴"
8682,1,,,"鹤丸刚志, 爱丽速子"
8683,1,,,"鹤丸刚志, 爱慕织姬"
8684,1,,,"鹤丸刚志, 空中神宫"
8685,1,,,"鹤丸刚志, 荒漠英雄"
8686,1,,,"鹤丸刚志, 美丽周日"
8687,1,,,鹤丸刚志
8688,1,,,鹤丸刚志
8689,1,,,"鹤丸刚志, 川上公主"
8690,1,,,"鹤丸刚志, 春乌拉拉"
8691,1,,,"鹤丸刚志, 圣王光环"
8692,1,,,"鹤丸刚志, 天狼星象征"
8693,1,,,"鹤丸刚志, 双涡轮"
8694,1,,,"鹤丸刚志, 目白高峰"
8695,1,,,"樱花桂冠, 丸善斯基"
8696,1,,,"樱花桂冠, 超级小海湾"
8697,1,,,"樱花桂冠, 樱花千代王"
8698,1,,,"樱花桂冠, 八重无敌"
8699,1,,,"樱花桂冠, 特别周"
8700,1,,,"樱花桂冠, 无声铃鹿"
8701,1,,,"樱花桂冠, 富士奇迹"
8702,1,,,"樱花桂冠, 大树快车"
8703,1,,,"樱花桂冠, 成田白仁"
8704,1,,,"樱花桂冠, 曼城茶座"
8705,1,,,"樱花桂冠, 米浴"
8706,1,,,"樱花桂冠, 爱丽速子"
8707,1,,,"樱花桂冠, 爱慕织姬"
8708,1,,,"樱花桂冠, 空中神宫"
8709,1,,,"樱花桂冠, 荒漠英雄"
8710,1,,,"樱花桂冠, 美丽周日"
8711,1,,,樱花桂冠
8712,1,,,樱花桂冠
8713,1,,,"成田路, 气槽"
8714,1,,,"成田路, 玉藻十字"
8715,1,,,"成田路, 琵琶晨光"
8716,1,,,"成田路, 胜利奖券"
8717,1,,,"成田路, 东瀛佐敦"
8718,1,,,"成田路, 北方飞翔"
8719,1,,,"成田路, 真弓快车"
8720,1,,,"成田路, 森林宝穴"
8721,1,,,成田路
8722,1,,,"成田路, 成田大进"
8723,1,,,"也文摄辉, 美妙姿势"
8724,1,,,"也文摄辉, 微光飞驹"
8725,1,,,"也文摄辉, 青云天空"
8726,1,,,"也文摄辉, 川上公主"
8727,1,,,"也文摄辉, 春乌拉拉"
8728,1,,,"也文摄辉, 圣王光环"
8729,1,,,"也文摄辉, 天狼星象征"
8730,1,,,"也文摄辉, 双涡轮"
8731,1,,,"也文摄辉, 目白高峰"
8732,1,,,"创升, 西野花"
8733,1,,,气槽
8734,1,,,玉藻十字
8735,1,,,琵琶晨光
8736,1,,,胜利奖券
8737,1,,,东瀛佐敦
8738,1,,,北方飞翔
8739,1,,,真弓快车
8740,1,,,森林宝穴
8742,1,,,丸善斯基
8743,1,,,超级小海湾
8744,1,,,樱花千代王
8745,1,,,八重无敌
8746,1,,,东海帝王
8747,1,,,目白麦昆
8748,1,,,鲁道夫象征
8751,1,,,神鹰
8752,1,,,爱丽数码
8753,1,,,菱曙
8754,1,,,荣进闪耀
8755,1,,,采珠
8756,1,,,东商变革
8757,1,,,凯斯奇迹
8758,1,,,北港火山
8759,1,,,川上公主
8760,1,,,春乌拉拉
8761,1,,,圣王光环
8762,1,,,天狼星象征
8763,1,,,双涡轮
8764,1,,,目白高峰
8765,1,,,"北方飞翔, 黄金船"
8766,1,,,"北方飞翔, 大和赤骥"
8767,1,,,"北方飞翔, 醒目飞鹰"
8768,1,,,"北方飞翔, 中山庆典"
8769,1,,,"北方飞翔, 里见光钻"
8770,1,,,"北方飞翔, 北部玄驹"
8772,1,,,"北方飞翔, 高尚俊逸"
8773,1,,,"北方飞翔, 极峰"
8774,1,,,"北方飞翔, 强击"
8775,1,,,"北方飞翔, 小林历奇"
8776,1,,,"北方飞翔, 万籁争鸣"
8777,1,,,"北方飞翔, 丸善斯基"
8778,1,,,"北方飞翔, 超级小海湾"
8779,1,,,"北方飞翔, 樱花千代王"
8780,1,,,"北方飞翔, 八重无敌"
8781,1,,,"北方飞翔, 东海帝王"
8782,1,,,"北方飞翔, 目白麦昆"
8783,1,,,"北方飞翔, 鲁道夫象征"
8785,1,,,"北方飞翔, 北方飞翔, 生野狄杜斯"
8787,1,,,"北方飞翔, 雪之美人"
8788,1,,,"北方飞翔, 樱花进王"
8789,1,,,"北方飞翔, 千明代表"
8790,1,,,"北方飞翔, 第一红宝石"
8791,1,,,"第一红宝石, 气槽"
8792,1,,,"第一红宝石, 玉藻十字"
8793,1,,,"第一红宝石, 琵琶晨光"
8794,1,,,"第一红宝石, 胜利奖券"
8795,1,,,"第一红宝石, 东瀛佐敦"
8797,1,,,"第一红宝石, 真弓快车"
8798,1,,,"第一红宝石, 森林宝穴"
8799,1,,,第一红宝石
8800,1,,,"第一红宝石, 丸善斯基"
8801,1,,,"第一红宝石, 超级小海湾"
8802,1,,,"第一红宝石, 樱花千代王"
8803,1,,,"第一红宝石, 八重无敌"
8804,1,,,"第一红宝石, 好歌剧"
8805,1,,,"第一红宝石, 真机伶"
8806,1,,,"第一红宝石, 黄金城"
8807,1,,,"第一红宝石, 新光风"
8808,1,,,"第一红宝石, 名将怒涛"
8809,1,,,"第一红宝石, 优秀素质"
8810,1,,,"第一红宝石, 里见皇冠"
8811,1,,,"第一红宝石, 目白赖恩"
8812,1,,,"第一红宝石, 目白多伯"
8813,1,,,"第一红宝石, 目白阿尔丹"
8814,1,,,"第一红宝石, 待兼诗歌剧"
8815,1,,,"第一红宝石, 目白光明"
8816,1,,,"第一红宝石, 目白善信"
8817,1,,,"第一红宝石, 大拓太阳神"
8819,1,,,"目白高峰, 黄金船"
8820,1,,,"目白高峰, 大和赤骥"
8821,1,,,"目白高峰, 醒目飞鹰"
8822,1,,,"目白高峰, 中山庆典"
8823,1,,,"目白高峰, 里见光钻"
8824,1,,,"目白高峰, 北部玄驹"
8826,1,,,"目白高峰, 高尚俊逸"
8827,1,,,"目白高峰, 极峰"
8828,1,,,"目白高峰, 强击"
8829,1,,,"目白高峰, 小林历奇"
8830,1,,,"目白高峰, 万籁争鸣"
8831,1,,,"目白高峰, 成田大进"
8832,1,,,"目白高峰, 东海帝王"
8833,1,,,"目白高峰, 目白麦昆"
8834,1,,,"目白高峰, 鲁道夫象征"
8836,1,,,目白高峰
8837,1,,,"目白高峰, 西野花"
8838,1,,,"真弓快车, 黄金船"
8839,1,,,"真弓快车, 大和赤骥"
8840,1,,,"真弓快车, 醒目飞鹰"
8841,1,,,"真弓快车, 中山庆典"
8842,1,,,"真弓快车, 里见光钻"
8843,1,,,"真弓快车, 北部玄驹"
8845,1,,,"真弓快车, 高尚俊逸"
8846,1,,,"真弓快车, 极峰"
8847,1,,,"真弓快车, 强击"
8848,1,,,"真弓快车, 小林历奇"
8849,1,,,"真弓快车, 万籁争鸣"
8850,1,,,"真弓快车, 丸善斯基"
8851,1,,,"真弓快车, 超级小海湾"
8852,1,,,"真弓快车, 樱花千代王"
8853,1,,,"真弓快车, 八重无敌"
8854,1,,,"真弓快车, 东海帝王"
8855,1,,,"真弓快车, 目白麦昆"
8856,1,,,"真弓快车, 鲁道夫象征"
8858,1,,,真弓快车
8859,1,,,"真弓快车, 生野狄杜斯"
8861,1,,,"真弓快车, 雪之美人"
8862,1,,,"真弓快车, 樱花进王"
8863,1,,,"真弓快车, 千明代表"
8865,1,,,"里见皇冠, 小栗帽"
8866,1,,,"里见皇冠, 成田大进"
8867,1,,,"里见皇冠, 青云天空"
8868,1,,,"里见皇冠, 雪之美人"
8869,1,,,"里见皇冠, 樱花进王"
8870,1,,,"里见皇冠, 千明代表"
8872,1,,,"里见皇冠, 目白善信"
8873,1,,,"里见皇冠, 特别周"
8874,1,,,"里见皇冠, 无声铃鹿"
8875,1,,,"里见皇冠, 富士奇迹"
8876,1,,,"里见皇冠, 大树快车"
8877,1,,,"里见皇冠, 成田白仁"
8878,1,,,"里见皇冠, 曼城茶座"
8879,1,,,"里见皇冠, 米浴"
8880,1,,,"里见皇冠, 爱丽速子"
8881,1,,,"里见皇冠, 爱慕织姬"
8882,1,,,"里见皇冠, 空中神宫"
8883,1,,,"里见皇冠, 荒漠英雄"
8884,1,,,"里见皇冠, 美丽周日"
8885,1,,,里见皇冠
8886,1,,,里见皇冠
8887,1,,,"里见皇冠, 西野花"
8888,1,,,"高尚俊逸, 气槽"
8889,1,,,"高尚俊逸, 玉藻十字"
8890,1,,,"高尚俊逸, 琵琶晨光"
8891,1,,,"高尚俊逸, 胜利奖券"
8892,1,,,"高尚俊逸, 东瀛佐敦"
8895,1,,,"高尚俊逸, 森林宝穴"
8896,1,,,高尚俊逸
8897,1,,,"高尚俊逸, 丸善斯基"
8898,1,,,"高尚俊逸, 超级小海湾"
8899,1,,,"高尚俊逸, 樱花千代王"
8900,1,,,"高尚俊逸, 八重无敌"
8901,1,,,"高尚俊逸, 东海帝王"
8902,1,,,"高尚俊逸, 目白麦昆"
8903,1,,,"高尚俊逸, 鲁道夫象征"
8905,1,,,高尚俊逸
8906,1,,,"高尚俊逸, 神鹰"
8907,1,,,"高尚俊逸, 爱丽数码"
8908,1,,,"高尚俊逸, 菱曙"
8909,1,,,"高尚俊逸, 荣进闪耀"
8910,1,,,"高尚俊逸, 采珠"
8911,1,,,"高尚俊逸, 东商变革"
8912,1,,,"高尚俊逸, 凯斯奇迹"
8913,1,,,"高尚俊逸, 北港火山"
8914,1,,,"高尚俊逸, 川上公主"
8915,1,,,"高尚俊逸, 春乌拉拉"
8916,1,,,"高尚俊逸, 圣王光环"
8917,1,,,"高尚俊逸, 天狼星象征"
8918,1,,,"高尚俊逸, 双涡轮"
8920,1,,,"极峰, 气槽"
8921,1,,,"极峰, 玉藻十字"
8922,1,,,"极峰, 琵琶晨光"
8923,1,,,"极峰, 胜利奖券"
8924,1,,,"极峰, 东瀛佐敦"
8927,1,,,"极峰, 森林宝穴"
8928,1,,,极峰
8929,1,,,"极峰, 丸善斯基"
8930,1,,,"极峰, 超级小海湾"
8931,1,,,"极峰, 樱花千代王"
8932,1,,,"极峰, 八重无敌"
8933,1,,,"极峰, 东海帝王"
8934,1,,,"极峰, 目白麦昆"
8935,1,,,"极峰, 鲁道夫象征"
8937,1,,,极峰
8938,1,,,"极峰, 神鹰"
8939,1,,,"极峰, 爱丽数码"
8940,1,,,"极峰, 菱曙"
8941,1,,,"极峰, 荣进闪耀"
8942,1,,,"极峰, 采珠"
8943,1,,,"极峰, 东商变革"
8944,1,,,"极峰, 凯斯奇迹"
8945,1,,,"极峰, 北港火山"
8946,1,,,"极峰, 川上公主"
8947,1,,,"极峰, 春乌拉拉"
8948,1,,,"极峰, 圣王光环"
8949,1,,,"极峰, 天狼星象征"
8950,1,,,"极峰, 双涡轮"
8952,1,,,"强击, 气槽"
8953,1,,,"强击, 玉藻十字"
8954,1,,,"强击, 琵琶晨光"
8955,1,,,"强击, 胜利奖券"
8956,1,,,"强击, 东瀛佐敦"
8959,1,,,"强击, 森林宝穴"
8960,1,,,强击
8961,1,,,"强击, 丸善斯基"
8962,1,,,"强击, 超级小海湾"
8963,1,,,"强击, 樱花千代王"
8964,1,,,"强击, 八重无敌"
8965,1,,,"强击, 东海帝王"
8966,1,,,"强击, 目白麦昆"
8967,1,,,"强击, 鲁道夫象征"
8969,1,,,强击
8970,1,,,"强击, 神鹰"
8971,1,,,"强击, 爱丽数码"
8972,1,,,"强击, 菱曙"
8973,1,,,"强击, 荣进闪耀"
8974,1,,,"强击, 采珠"
8975,1,,,"强击, 东商变革"
8976,1,,,"强击, 凯斯奇迹"
8977,1,,,"强击, 北港火山"
8978,1,,,"强击, 川上公主"
8979,1,,,"强击, 春乌拉拉"
8980,1,,,"强击, 圣王光环"
8981,1,,,"强击, 天狼星象征"
8982,1,,,"强击, 双涡轮"
8984,1,,,"凯斯奇迹, 黄金船"
8985,1,,,"凯斯奇迹, 大和赤骥"
8986,1,,,"凯斯奇迹, 醒目飞鹰"
8987,1,,,"凯斯奇迹, 中山庆典"
8988,1,,,"凯斯奇迹, 里见光钻"
8989,1,,,"凯斯奇迹, 北部玄驹"
8994,1,,,"凯斯奇迹, 小林历奇"
8995,1,,,"凯斯奇迹, 万籁争鸣"
8996,1,,,"凯斯奇迹, 美妙姿势"
8997,1,,,"凯斯奇迹, 微光飞驹"
8998,1,,,"凯斯奇迹, 丸善斯基"
8999,1,,,"凯斯奇迹, 超级小海湾"
9000,1,,,"凯斯奇迹, 樱花千代王"
9001,1,,,"凯斯奇迹, 八重无敌"
9002,1,,,"森林宝穴, 黄金船"
9003,1,,,"森林宝穴, 大和赤骥"
9004,1,,,"森林宝穴, 醒目飞鹰"
9005,1,,,"森林宝穴, 中山庆典"
9006,1,,,"森林宝穴, 里见光钻"
9007,1,,,"森林宝穴, 北部玄驹"
9012,1,,,"森林宝穴, 小林历奇"
9013,1,,,"森林宝穴, 万籁争鸣"
9014,1,,,"森林宝穴, 丸善斯基"
9015,1,,,"森林宝穴, 超级小海湾"
9016,1,,,"森林宝穴, 樱花千代王"
9017,1,,,"森林宝穴, 八重无敌"
9018,1,,,"森林宝穴, 东海帝王"
9019,1,,,"森林宝穴, 目白麦昆"
9020,1,,,"森林宝穴, 鲁道夫象征"
9022,1,,,森林宝穴
9023,1,,,"森林宝穴, 生野狄杜斯"
9025,1,,,"森林宝穴, 雪之美人"
9026,1,,,"森林宝穴, 樱花进王"
9027,1,,,"森林宝穴, 千明代表"
9029,1,,,美妙姿势
9030,1,,,微光飞驹
9031,1,,,丸善斯基
9032,1,,,超级小海湾
9033,1,,,樱花千代王
9034,1,,,八重无敌
9035,1,,,好歌剧
9036,1,,,真机伶
9037,1,,,黄金城
9038,1,,,新光风
9039,1,,,名将怒涛
9040,1,,,优秀素质
9042,1,,,目白赖恩
9043,1,,,目白多伯
9044,1,,,目白阿尔丹
9045,1,,,待兼诗歌剧
9046,1,,,目白光明
9047,1,,,东海帝王
9048,1,,,目白麦昆
9049,1,,,鲁道夫象征
9052,1,,,待兼福来
9054,1,,,美妙姿势
9055,1,,,微光飞驹
9056,1,,,丸善斯基
9057,1,,,超级小海湾
9058,1,,,樱花千代王
9059,1,,,八重无敌
9060,1,,,好歌剧
9061,1,,,真机伶
9062,1,,,黄金城
9063,1,,,新光风
9064,1,,,名将怒涛
9065,1,,,优秀素质
9067,1,,,目白赖恩
9068,1,,,目白多伯
9069,1,,,目白阿尔丹
9070,1,,,待兼诗歌剧
9071,1,,,目白光明
9072,1,,,东海帝王
9073,1,,,目白麦昆
9074,1,,,鲁道夫象征
9077,1,,,待兼福来
9079,1,,,"小林历奇, 气槽"
9080,1,,,"小林历奇, 玉藻十字"
9081,1,,,"小林历奇, 琵琶晨光"
9082,1,,,"小林历奇, 胜利奖券"
9083,1,,,"小林历奇, 东瀛佐敦"
9087,1,,,小林历奇
9088,1,,,"小林历奇, 丸善斯基"
9089,1,,,"小林历奇, 超级小海湾"
9090,1,,,"小林历奇, 樱花千代王"
9091,1,,,"小林历奇, 八重无敌"
9092,1,,,"小林历奇, 东海帝王"
9093,1,,,"小林历奇, 目白麦昆"
9094,1,,,"小林历奇, 鲁道夫象征"
9096,1,,,小林历奇
9097,1,,,"小林历奇, 神鹰"
9098,1,,,"小林历奇, 爱丽数码"
9099,1,,,"小林历奇, 菱曙"
9100,1,,,"小林历奇, 荣进闪耀"
9101,1,,,"小林历奇, 采珠"
9102,1,,,"小林历奇, 东商变革"
9104,1,,,"小林历奇, 北港火山"
9105,1,,,"小林历奇, 川上公主"
9106,1,,,"小林历奇, 春乌拉拉"
9107,1,,,"小林历奇, 圣王光环"
9108,1,,,"小林历奇, 天狼星象征"
9109,1,,,"小林历奇, 双涡轮"
9111,1,,,"北港火山, 黄金船"
9112,1,,,"北港火山, 大和赤骥"
9113,1,,,"北港火山, 醒目飞鹰"
9114,1,,,"北港火山, 中山庆典"
9115,1,,,"北港火山, 里见光钻"
9116,1,,,"北港火山, 北部玄驹"
9122,1,,,"北港火山, 万籁争鸣"
9123,1,,,"北港火山, 美妙姿势"
9124,1,,,"北港火山, 微光飞驹"
9125,1,,,"北港火山, 丸善斯基"
9126,1,,,"北港火山, 超级小海湾"
9127,1,,,"北港火山, 樱花千代王"
9128,1,,,"北港火山, 八重无敌"
9129,1,,,气槽
9130,1,,,玉藻十字
9131,1,,,琵琶晨光
9132,1,,,胜利奖券
9133,1,,,东瀛佐敦
9138,1,,,黄金船
9139,1,,,大和赤骥
9140,1,,,醒目飞鹰
9141,1,,,中山庆典
9142,1,,,里见光钻
9143,1,,,北部玄驹
9149,1,,,万籁争鸣
9150,1,,,成田大进
9151,1,,,特别周
9152,1,,,无声铃鹿
9153,1,,,富士奇迹
9154,1,,,大树快车
9155,1,,,成田白仁
9156,1,,,曼城茶座
9157,1,,,米浴
9158,1,,,爱丽速子
9159,1,,,爱慕织姬
9160,1,,,空中神宫
9161,1,,,荒漠英雄
9162,1,,,美丽周日
9165,1,,,川上公主
9166,1,,,春乌拉拉
9167,1,,,圣王光环
9168,1,,,天狼星象征
9169,1,,,双涡轮
9171,1,,,"万籁争鸣, 气槽"
9172,1,,,"万籁争鸣, 玉藻十字"
9173,1,,,"万籁争鸣, 琵琶晨光"
9174,1,,,"万籁争鸣, 胜利奖券"
9175,1,,,"万籁争鸣, 东瀛佐敦"
9179,1,,,万籁争鸣
9180,1,,,"万籁争鸣, 丸善斯基"
9181,1,,,"万籁争鸣, 超级小海湾"
9182,1,,,"万籁争鸣, 樱花千代王"
9183,1,,,"万籁争鸣, 八重无敌"
9184,1,,,"万籁争鸣, 东海帝王"
9185,1,,,"万籁争鸣, 目白麦昆"
9186,1,,,"万籁争鸣, 鲁道夫象征"
9189,1,,,"万籁争鸣, 神鹰"
9190,1,,,"万籁争鸣, 爱丽数码"
9191,1,,,"万籁争鸣, 菱曙"
9192,1,,,"万籁争鸣, 荣进闪耀"
9193,1,,,"万籁争鸣, 采珠"
9194,1,,,"万籁争鸣, 东商变革"
9197,1,,,"万籁争鸣, 川上公主"
9198,1,,,"万籁争鸣, 春乌拉拉"
9199,1,,,"万籁争鸣, 圣王光环"
9200,1,,,"万籁争鸣, 天狼星象征"
9201,1,,,"万籁争鸣, 双涡轮"
9203,1,,,黄金船
9204,1,,,大和赤骥
9205,1,,,醒目飞鹰
9206,1,,,中山庆典
9207,1,,,里见光钻
9208,1,,,北部玄驹
9215,1,,,丸善斯基
9216,1,,,超级小海湾
9217,1,,,樱花千代王
9218,1,,,八重无敌
9219,1,,,东海帝王
9220,1,,,目白麦昆
9221,1,,,鲁道夫象征
9224,1,,,生野狄杜斯
9226,1,,,雪之美人
9227,1,,,樱花进王
9228,1,,,千明代表
9230,1,,,"葛城王牌, 气槽"
9231,1,,,"葛城王牌, 玉藻十字"
9232,1,,,"葛城王牌, 琵琶晨光"
9233,1,,,"葛城王牌, 胜利奖券"
9234,1,,,"葛城王牌, 东瀛佐敦"
9235,1,,,"葛城王牌, 北方飞翔"
9236,1,,,"葛城王牌, 真弓快车"
9237,1,,,"葛城王牌, 森林宝穴"
9238,1,,,葛城王牌
9239,1,,,"葛城王牌, 丸善斯基"
9240,1,,,"葛城王牌, 超级小海湾"
9241,1,,,"葛城王牌, 樱花千代王"
9242,1,,,"葛城王牌, 八重无敌"
9243,1,,,"葛城王牌, 好歌剧"
9244,1,,,"葛城王牌, 真机伶"
9245,1,,,"葛城王牌, 黄金城"
9246,1,,,"葛城王牌, 新光风"
9247,1,,,"葛城王牌, 名将怒涛"
9248,1,,,"葛城王牌, 优秀素质"
9249,1,,,"葛城王牌, 里见皇冠"
9250,1,,,"葛城王牌, 目白赖恩"
9251,1,,,"葛城王牌, 目白多伯"
9252,1,,,"葛城王牌, 目白阿尔丹"
9253,1,,,"葛城王牌, 待兼诗歌剧"
9254,1,,,"葛城王牌, 目白光明"
9255,1,,,"葛城王牌, 目白善信"
9256,1,,,"葛城王牌, 大拓太阳神"
9257,1,,,"新宇宙, 美妙姿势"
9258,1,,,"新宇宙, 微光飞驹"
9259,1,,,"新宇宙, 丸善斯基"
9260,1,,,"新宇宙, 超级小海湾"
9261,1,,,"新宇宙, 樱花千代王"
9262,1,,,"新宇宙, 八重无敌"
9263,1,,,"新宇宙, 好歌剧"
9264,1,,,"新宇宙, 真机伶"
9265,1,,,"新宇宙, 黄金城"
9266,1,,,"新宇宙, 新光风"
9267,1,,,"新宇宙, 名将怒涛"
9268,1,,,"新宇宙, 优秀素质"
9269,1,,,"新宇宙, 里见皇冠"
9270,1,,,"新宇宙, 目白赖恩"
9271,1,,,"新宇宙, 目白多伯"
9272,1,,,"新宇宙, 目白阿尔丹"
9273,1,,,"新宇宙, 待兼诗歌剧"
9274,1,,,"新宇宙, 目白光明"
9275,1,,,"新宇宙, 东海帝王"
9276,1,,,"新宇宙, 目白麦昆"
9277,1,,,"新宇宙, 鲁道夫象征"
9278,1,,,"新宇宙, 鹤丸刚志"
9279,1,,,新宇宙
9280,1,,,"新宇宙, 待兼福来"
9281,1,,,"新宇宙, 樱花桂冠"
9282,1,,,"菱钻奇宝, 气槽"
9283,1,,,"菱钻奇宝, 玉藻十字"
9284,1,,,"菱钻奇宝, 琵琶晨光"
9285,1,,,"菱钻奇宝, 胜利奖券"
9286,1,,,"菱钻奇宝, 东瀛佐敦"
9287,1,,,"菱钻奇宝, 北方飞翔"
9288,1,,,"菱钻奇宝, 真弓快车"
9289,1,,,"菱钻奇宝, 森林宝穴"
9290,1,,,菱钻奇宝
9291,1,,,"菱钻奇宝, 成田大进"
9292,1,,,"跳舞城, 美妙姿势"
9293,1,,,"跳舞城, 微光飞驹"
9294,1,,,"跳舞城, 丸善斯基"
9295,1,,,"跳舞城, 超级小海湾"
9296,1,,,"跳舞城, 樱花千代王"
9297,1,,,"跳舞城, 八重无敌"
9298,1,,,"跳舞城, 小栗帽"
9299,1,,,"跳舞城, 成田大进"
9300,1,,,"跳舞城, 好歌剧"
9301,1,,,"跳舞城, 真机伶"
9302,1,,,"跳舞城, 黄金城"
9303,1,,,"跳舞城, 新光风"
9304,1,,,"跳舞城, 名将怒涛"
9305,1,,,"跳舞城, 优秀素质"
9306,1,,,"跳舞城, 里见皇冠"
9307,1,,,"跳舞城, 目白赖恩"
9308,1,,,"跳舞城, 目白多伯"
9309,1,,,"跳舞城, 目白阿尔丹"
9310,1,,,"跳舞城, 待兼诗歌剧"
9311,1,,,"跳舞城, 目白光明"
9312,1,,,"跳舞城, 目白善信"
9313,1,,,"跳舞城, 特别周"
9314,1,,,"跳舞城, 无声铃鹿"
9315,1,,,"跳舞城, 富士奇迹"
9316,1,,,"跳舞城, 大树快车"
9317,1,,,"跳舞城, 成田白仁"
9318,1,,,"跳舞城, 曼城茶座"
9319,1,,,"跳舞城, 米浴"
9320,1,,,"跳舞城, 爱丽速子"
9321,1,,,"跳舞城, 爱慕织姬"
9322,1,,,"跳舞城, 空中神宫"
9323,1,,,"跳舞城, 荒漠英雄"
9324,1,,,"跳舞城, 美丽周日"
9325,1,,,跳舞城
9326,1,,,跳舞城
9327,1,,,"跳舞城, 新宇宙"
9328,1,,,"跳舞城, 神鹰"
9329,1,,,"跳舞城, 爱丽数码"
9330,1,,,"跳舞城, 菱曙"
9331,1,,,"跳舞城, 荣进闪耀"
9332,1,,,"跳舞城, 采珠"
9333,1,,,"跳舞城, 东商变革"
9334,1,,,"跳舞城, 凯斯奇迹"
9335,1,,,"跳舞城, 北港火山"
9336,1,,,"大鸣大放, 黄金船"
9337,1,,,"大鸣大放, 大和赤骥"
9338,1,,,"大鸣大放, 醒目飞鹰"
9339,1,,,"大鸣大放, 中山庆典"
9340,1,,,"大鸣大放, 里见光钻"
9341,1,,,"大鸣大放, 北部玄驹"
9342,1,,,大鸣大放
9343,1,,,"大鸣大放, 高尚俊逸"
9344,1,,,"大鸣大放, 极峰"
9345,1,,,"大鸣大放, 强击"
9346,1,,,"大鸣大放, 小林历奇"
9347,1,,,"大鸣大放, 万籁争鸣"
9348,1,,,"大鸣大放, 美妙姿势"
9349,1,,,"大鸣大放, 微光飞驹"
9350,1,,,"大鸣大放, 丸善斯基"
9351,1,,,"大鸣大放, 超级小海湾"
9352,1,,,"大鸣大放, 樱花千代王"
9353,1,,,"大鸣大放, 八重无敌"
9354,1,,,"大鸣大放, 跳舞城"
9355,1,,,"莱茵力量, 黄金船"
9356,1,,,"莱茵力量, 大和赤骥"
9357,1,,,"莱茵力量, 醒目飞鹰"
9358,1,,,"莱茵力量, 中山庆典"
9359,1,,,"莱茵力量, 里见光钻"
9360,1,,,"莱茵力量, 北部玄驹"
9361,1,,,莱茵力量
9362,1,,,"莱茵力量, 高尚俊逸"
9363,1,,,"莱茵力量, 极峰"
9364,1,,,"莱茵力量, 强击"
9365,1,,,"莱茵力量, 小林历奇"
9366,1,,,"莱茵力量, 万籁争鸣"
9367,1,,,"莱茵力量, 美妙姿势"
9368,1,,,"莱茵力量, 微光飞驹"
9369,1,,,"莱茵力量, 丸善斯基"
9370,1,,,"莱茵力量, 超级小海湾"
9371,1,,,"莱茵力量, 樱花千代王"
9372,1,,,"莱茵力量, 八重无敌"
9373,1,,,"莱茵力量, 跳舞城"
9374,1,,,"西沙里奥, 气槽"
9375,1,,,"西沙里奥, 玉藻十字"
9376,1,,,"西沙里奥, 琵琶晨光"
9377,1,,,"西沙里奥, 胜利奖券"
9378,1,,,"西沙里奥, 东瀛佐敦"
9379,1,,,"西沙里奥, 北方飞翔"
9380,1,,,"西沙里奥, 真弓快车"
9381,1,,,"西沙里奥, 森林宝穴"
9382,1,,,西沙里奥
9383,1,,,"西沙里奥, 丸善斯基"
9384,1,,,"西沙里奥, 超级小海湾"
9385,1,,,"西沙里奥, 樱花千代王"
9386,1,,,"西沙里奥, 八重无敌"
9387,1,,,"西沙里奥, 东海帝王"
9388,1,,,"西沙里奥, 目白麦昆"
9389,1,,,"西沙里奥, 鲁道夫象征"
9390,1,,,"西沙里奥, 鹤丸刚志"
9391,1,,,西沙里奥
9392,1,,,"西沙里奥, 神鹰"
9393,1,,,"西沙里奥, 爱丽数码"
9394,1,,,"西沙里奥, 菱曙"
9395,1,,,"西沙里奥, 荣进闪耀"
9396,1,,,"西沙里奥, 采珠"
9397,1,,,"西沙里奥, 东商变革"
9398,1,,,"西沙里奥, 凯斯奇迹"
9399,1,,,"西沙里奥, 北港火山"
9400,1,,,"西沙里奥, 大鸣大放"
9401,1,,,"西沙里奥, 莱茵力量"
9402,1,,,"西沙里奥, 川上公主"
9403,1,,,"西沙里奥, 春乌拉拉"
9404,1,,,"西沙里奥, 圣王光环"
9405,1,,,"西沙里奥, 天狼星象征"
9406,1,,,"西沙里奥, 双涡轮"
9407,1,,,"西沙里奥, 目白高峰"
9408,1,,,"空中救世主, 气槽"
9409,1,,,"空中救世主, 玉藻十字"
9410,1,,,"空中救世主, 琵琶晨光"
9411,1,,,"空中救世主, 胜利奖券"
9412,1,,,"空中救世主, 东瀛佐敦"
9413,1,,,"空中救世主, 北方飞翔"
9414,1,,,"空中救世主, 真弓快车"
9415,1,,,"空中救世主, 森林宝穴"
9416,1,,,空中救世主
9417,1,,,"空中救世主, 丸善斯基"
9418,1,,,"空中救世主, 超级小海湾"
9419,1,,,"空中救世主, 樱花千代王"
9420,1,,,"空中救世主, 八重无敌"
9421,1,,,"空中救世主, 东海帝王"
9422,1,,,"空中救世主, 目白麦昆"
9423,1,,,"空中救世主, 鲁道夫象征"
9424,1,,,"空中救世主, 鹤丸刚志"
9425,1,,,空中救世主
9426,1,,,"空中救世主, 神鹰"
9427,1,,,"空中救世主, 爱丽数码"
9428,1,,,"空中救世主, 菱曙"
9429,1,,,"空中救世主, 荣进闪耀"
9430,1,,,"空中救世主, 采珠"
9431,1,,,"空中救世主, 东商变革"
9432,1,,,"空中救世主, 凯斯奇迹"
9433,1,,,"空中救世主, 北港火山"
9434,1,,,"空中救世主, 大鸣大放"
9435,1,,,"空中救世主, 莱茵力量"
9436,1,,,"空中救世主, 川上公主"
9437,1,,,"空中救世主, 春乌拉拉"
9438,1,,,"空中救世主, 圣王光环"
9439,1,,,"空中救世主, 天狼星象征"
9440,1,,,"空中救世主, 双涡轮"
9441,1,,,"空中救世主, 目白高峰"
9442,1,,,气槽
9443,1,,,玉藻十字
9444,1,,,琵琶晨光
9445,1,,,胜利奖券
9446,1,,,东瀛佐敦
9447,1,,,北方飞翔
9448,1,,,真弓快车
9449,1,,,森林宝穴
9451,1,,,丸善斯基
9452,1,,,超级小海湾
9453,1,,,樱花千代王
9454,1,,,八重无敌
9455,1,,,东海帝王
9456,1,,,目白麦昆
9457,1,,,鲁道夫象征
9458,1,,,鹤丸刚志
9460,1,,,神鹰
9461,1,,,爱丽数码
9462,1,,,菱曙
9463,1,,,荣进闪耀
9464,1,,,采珠
9465,1,,,东商变革
9466,1,,,凯斯奇迹
9467,1,,,北港火山
9468,1,,,大鸣大放
9469,1,,,莱茵力量
9470,1,,,川上公主
9471,1,,,春乌拉拉
9472,1,,,圣王光环
9473,1,,,天狼星象征
9474,1,,,双涡轮
9475,1,,,目白高峰
9476,1,,,气槽
9477,1,,,玉藻十字
9478,1,,,琵琶晨光
9479,1,,,胜利奖券
9480,1,,,东瀛佐敦
9481,1,,,北方飞翔
9482,1,,,真弓快车
9483,1,,,森林宝穴
9485,1,,,丸善斯基
9486,1,,,超级小海湾
9487,1,,,樱花千代王
9488,1,,,八重无敌
9489,1,,,东海帝王
9490,1,,,目白麦昆
9491,1,,,鲁道夫象征
9492,1,,,鹤丸刚志
9494,1,,,神鹰
9495,1,,,爱丽数码
9496,1,,,菱曙
9497,1,,,荣进闪耀
9498,1,,,采珠
9499,1,,,东商变革
9500,1,,,凯斯奇迹
9501,1,,,北港火山
9502,1,,,大鸣大放
9503,1,,,莱茵力量
9504,1,,,川上公主
9505,1,,,春乌拉拉
9506,1,,,圣王光环
9507,1,,,天狼星象征
9508,1,,,双涡轮
9509,1,,,目白高峰
9510,1,,,气槽
9511,1,,,玉藻十字
9512,1,,,琵琶晨光
9513,1,,,胜利奖券
9514,1,,,东瀛佐敦
9515,1,,,北方飞翔
9516,1,,,真弓快车
9517,1,,,森林宝穴
9519,1,,,丸善斯基
9520,1,,,超级小海湾
9521,1,,,樱花千代王
9522,1,,,八重无敌
9523,1,,,东海帝王
9524,1,,,目白麦昆
9525,1,,,鲁道夫象征
9526,1,,,鹤丸刚志
9528,1,,,神鹰
9529,1,,,爱丽数码
9530,1,,,菱曙
9531,1,,,荣进闪耀
9532,1,,,采珠
9533,1,,,东商变革
9534,1,,,凯斯奇迹
9535,1,,,北港火山
9536,1,,,大鸣大放
9537,1,,,莱茵力量
9538,1,,,川上公主
9539,1,,,春乌拉拉
9540,1,,,圣王光环
9541,1,,,天狼星象征
9542,1,,,双涡轮
9543,1,,,目白高峰
9544,1,,,"黄金巨匠, 气槽"
9545,1,,,"黄金巨匠, 玉藻十字"
9546,1,,,"黄金巨匠, 琵琶晨光"
9547,1,,,"黄金巨匠, 胜利奖券"
9548,1,,,"黄金巨匠, 东瀛佐敦"
9549,1,,,"黄金巨匠, 北方飞翔"
9550,1,,,"黄金巨匠, 真弓快车"
9551,1,,,"黄金巨匠, 森林宝穴"
9552,1,,,黄金巨匠
9553,1,,,"黄金巨匠, 丸善斯基"
9554,1,,,"黄金巨匠, 超级小海湾"
9555,1,,,"黄金巨匠, 樱花千代王"
9556,1,,,"黄金巨匠, 八重无敌"
9557,1,,,"黄金巨匠, 东海帝王"
9558,1,,,"黄金巨匠, 目白麦昆"
9559,1,,,"黄金巨匠, 鲁道夫象征"
9560,1,,,"黄金巨匠, 鹤丸刚志"
9561,1,,,黄金巨匠
9562,1,,,"黄金巨匠, 神鹰"
9563,1,,,"黄金巨匠, 爱丽数码"
9564,1,,,"黄金巨匠, 菱曙"
9565,1,,,"黄金巨匠, 荣进闪耀"
9566,1,,,"黄金巨匠, 采珠"
9567,1,,,"黄金巨匠, 东商变革"
9568,1,,,"黄金巨匠, 凯斯奇迹"
9569,1,,,"黄金巨匠, 北港火山"
9570,1,,,"黄金巨匠, 大鸣大放"
9571,1,,,"黄金巨匠, 莱茵力量"
9572,1,,,"黄金巨匠, 川上公主"
9573,1,,,"黄金巨匠, 春乌拉拉"
9574,1,,,"黄金巨匠, 圣王光环"
9575,1,,,"黄金巨匠, 天狼星象征"
9576,1,,,"黄金巨匠, 双涡轮"
9577,1,,,"黄金巨匠, 目白高峰"
9578,1,,,"贵妇人, 气槽"
9579,1,,,"贵妇人, 玉藻十字"
9580,1,,,"贵妇人, 琵琶晨光"
9581,1,,,"贵妇人, 胜利奖券"
9582,1,,,"贵妇人, 东瀛佐敦"
9583,1,,,"贵妇人, 北方飞翔"
9584,1,,,"贵妇人, 真弓快车"
9585,1,,,"贵妇人, 森林宝穴"
9586,1,,,贵妇人
9587,1,,,"贵妇人, 丸善斯基"
9588,1,,,"贵妇人, 超级小海湾"
9589,1,,,"贵妇人, 樱花千代王"
9590,1,,,"贵妇人, 八重无敌"
9591,1,,,"贵妇人, 东海帝王"
9592,1,,,"贵妇人, 目白麦昆"
9593,1,,,"贵妇人, 鲁道夫象征"
9594,1,,,"贵妇人, 鹤丸刚志"
9595,1,,,贵妇人
9596,1,,,"贵妇人, 神鹰"
9597,1,,,"贵妇人, 爱丽数码"
9598,1,,,"贵妇人, 菱曙"
9599,1,,,"贵妇人, 荣进闪耀"
9600,1,,,"贵妇人, 采珠"
9601,1,,,"贵妇人, 东商变革"
9602,1,,,"贵妇人, 凯斯奇迹"
9603,1,,,"贵妇人, 北港火山"
9604,1,,,"贵妇人, 大鸣大放"
9605,1,,,"贵妇人, 莱茵力量"
9606,1,,,"贵妇人, 川上公主"
9607,1,,,"贵妇人, 春乌拉拉"
9608,1,,,"贵妇人, 圣王光环"
9609,1,,,"贵妇人, 天狼星象征"
9610,1,,,"贵妇人, 双涡轮"
9611,1,,,"贵妇人, 目白高峰"
9612,1,,,"凯旋芭蕾, 气槽"
9613,1,,,"凯旋芭蕾, 玉藻十字"
9614,1,,,"凯旋芭蕾, 琵琶晨光"
9615,1,,,"凯旋芭蕾, 胜利奖券"
9616,1,,,"凯旋芭蕾, 东瀛佐敦"
9617,1,,,"凯旋芭蕾, 北方飞翔"
9618,1,,,"凯旋芭蕾, 真弓快车"
9619,1,,,"凯旋芭蕾, 森林宝穴"
9620,1,,,凯旋芭蕾
9621,1,,,"凯旋芭蕾, 丸善斯基"
9622,1,,,"凯旋芭蕾, 超级小海湾"
9623,1,,,"凯旋芭蕾, 樱花千代王"
9624,1,,,"凯旋芭蕾, 八重无敌"
9625,1,,,"凯旋芭蕾, 东海帝王"
9626,1,,,"凯旋芭蕾, 目白麦昆"
9627,1,,,"凯旋芭蕾, 鲁道夫象征"
9628,1,,,"凯旋芭蕾, 鹤丸刚志"
9629,1,,,凯旋芭蕾
9630,1,,,"凯旋芭蕾, 神鹰"
9631,1,,,"凯旋芭蕾, 爱丽数码"
9632,1,,,"凯旋芭蕾, 菱曙"
9633,1,,,"凯旋芭蕾, 荣进闪耀"
9634,1,,,"凯旋芭蕾, 采珠"
9635,1,,,"凯旋芭蕾, 东商变革"
9636,1,,,"凯旋芭蕾, 凯斯奇迹"
9637,1,,,"凯旋芭蕾, 北港火山"
9638,1,,,"凯旋芭蕾, 大鸣大放"
9639,1,,,"凯旋芭蕾, 莱茵力量"
9640,1,,,"凯旋芭蕾, 川上公主"
9641,1,,,"凯旋芭蕾, 春乌拉拉"
9642,1,,,"凯旋芭蕾, 圣王光环"
9643,1,,,"凯旋芭蕾, 天狼星象征"
9644,1,,,"凯旋芭蕾, 双涡轮"
9645,1,,,"凯旋芭蕾, 目白高峰"
9646,1,,,美妙姿势
9647,1,,,微光飞驹
9648,1,,,丸善斯基
9649,1,,,超级小海湾
9650,1,,,樱花千代王
9651,1,,,八重无敌
9652,1,,,好歌剧
9653,1,,,真机伶
9654,1,,,黄金城
9655,1,,,新光风
9656,1,,,名将怒涛
9657,1,,,优秀素质
9658,1,,,里见皇冠
9659,1,,,目白赖恩
9660,1,,,目白多伯
9661,1,,,目白阿尔丹
9662,1,,,待兼诗歌剧
9663,1,,,目白光明
9664,1,,,东海帝王
9665,1,,,目白麦昆
9666,1,,,鲁道夫象征
9667,1,,,鹤丸刚志
9669,1,,,待兼福来
9670,1,,,樱花桂冠
9671,1,,,跳舞城
9672,1,,,"梦之旅, 气槽"
9673,1,,,"梦之旅, 玉藻十字"
9674,1,,,"梦之旅, 琵琶晨光"
9675,1,,,"梦之旅, 胜利奖券"
9676,1,,,"梦之旅, 东瀛佐敦"
9677,1,,,"梦之旅, 北方飞翔"
9678,1,,,"梦之旅, 真弓快车"
9679,1,,,"梦之旅, 森林宝穴"
9680,1,,,梦之旅
9681,1,,,"梦之旅, 丸善斯基"
9682,1,,,"梦之旅, 超级小海湾"
9683,1,,,"梦之旅, 樱花千代王"
9684,1,,,"梦之旅, 八重无敌"
9685,1,,,"梦之旅, 东海帝王"
9686,1,,,"梦之旅, 目白麦昆"
9687,1,,,"梦之旅, 鲁道夫象征"
9688,1,,,"梦之旅, 鹤丸刚志"
9689,1,,,梦之旅
9690,1,,,"梦之旅, 神鹰"
9691,1,,,"梦之旅, 爱丽数码"
9692,1,,,"梦之旅, 菱曙"
9693,1,,,"梦之旅, 荣进闪耀"
9694,1,,,"梦之旅, 采珠"
9695,1,,,"梦之旅, 东商变革"
9696,1,,,"梦之旅, 凯斯奇迹"
9697,1,,,"梦之旅, 北港火山"
9698,1,,,"梦之旅, 大鸣大放"
9699,1,,,"梦之旅, 莱茵力量"
9700,1,,,"梦之旅, 川上公主"
9701,1,,,"梦之旅, 春乌拉拉"
9702,1,,,"梦之旅, 圣王光环"
9703,1,,,"梦之旅, 天狼星象征"
9704,1,,,"梦之旅, 双涡轮"
9705,1,,,"梦之旅, 目白高峰"
9706,1,,,"金镇之光, 生野狄杜斯"
9707,1,,,"金镇之光, 成田路"
9708,1,,,"金镇之光, 菱钻奇宝"
9709,1,,,"金镇之光, 特别周"
9710,1,,,"金镇之光, 无声铃鹿"
9711,1,,,"金镇之光, 富士奇迹"
9712,1,,,"金镇之光, 大树快车"
9713,1,,,"金镇之光, 成田白仁"
9714,1,,,"金镇之光, 曼城茶座"
9715,1,,,"金镇之光, 米浴"
9716,1,,,"金镇之光, 爱丽速子"
9717,1,,,"金镇之光, 爱慕织姬"
9718,1,,,"金镇之光, 空中神宫"
9719,1,,,"金镇之光, 荒漠英雄"
9720,1,,,"金镇之光, 美丽周日"
9721,1,,,金镇之光
9722,1,,,金镇之光
9723,1,,,"金镇之光, 新宇宙"
9724,1,,,金镇之光
9725,1,,,"金镇之光, 川上公主"
9726,1,,,"金镇之光, 春乌拉拉"
9727,1,,,"金镇之光, 圣王光环"
9728,1,,,"金镇之光, 天狼星象征"
9729,1,,,"金镇之光, 双涡轮"
9730,1,,,"金镇之光, 目白高峰"
9731,1,,,"金镇之光, 西野花"
9732,1,,,"多旺达, 美妙姿势"
9733,1,,,"多旺达, 微光飞驹"
9734,1,,,"多旺达, 丸善斯基"
9735,1,,,"多旺达, 超级小海湾"
9736,1,,,"多旺达, 樱花千代王"
9737,1,,,"多旺达, 八重无敌"
9738,1,,,"多旺达, 好歌剧"
9739,1,,,"多旺达, 真机伶"
9740,1,,,"多旺达, 黄金城"
9741,1,,,"多旺达, 新光风"
9742,1,,,"多旺达, 名将怒涛"
9743,1,,,"多旺达, 优秀素质"
9744,1,,,"多旺达, 里见皇冠"
9745,1,,,"多旺达, 目白赖恩"
9746,1,,,"多旺达, 目白多伯"
9747,1,,,"多旺达, 目白阿尔丹"
9748,1,,,"多旺达, 待兼诗歌剧"
9749,1,,,"多旺达, 目白光明"
9750,1,,,"多旺达, 东海帝王"
9751,1,,,"多旺达, 目白麦昆"
9752,1,,,"多旺达, 鲁道夫象征"
9753,1,,,"多旺达, 鹤丸刚志"
9754,1,,,"多旺达, 待兼福来"
9755,1,,,"多旺达, 樱花桂冠"
9756,1,,,"多旺达, 金镇之光"
9757,1,,,"多旺达, 跳舞城"
9758,1,,,气槽
9759,1,,,玉藻十字
9760,1,,,琵琶晨光
9761,1,,,胜利奖券
9762,1,,,东瀛佐敦
9763,1,,,北方飞翔
9764,1,,,真弓快车
9765,1,,,森林宝穴
9767,1,,,黄金船
9768,1,,,大和赤骥
9769,1,,,醒目飞鹰
9770,1,,,中山庆典
9771,1,,,里见光钻
9772,1,,,北部玄驹
9774,1,,,高尚俊逸
9775,1,,,极峰
9776,1,,,强击
9777,1,,,小林历奇
9778,1,,,万籁争鸣
9779,1,,,西沙里奥
9780,1,,,空中救世主
9784,1,,,黄金巨匠
9785,1,,,贵妇人
9786,1,,,凯旋芭蕾
9787,1,,,梦之旅
9788,1,,,小栗帽
9789,1,,,成田大进
9790,1,,,青云天空
9791,1,,,待兼福来
9792,1,,,樱花桂冠
9793,1,,,雪之美人
9794,1,,,樱花进王
9795,1,,,千明代表
9796,1,,,第一红宝石
9797,1,,,葛城王牌
9798,1,,,目白善信
9799,1,,,特别周
9800,1,,,无声铃鹿
9801,1,,,富士奇迹
9802,1,,,大树快车
9803,1,,,成田白仁
9804,1,,,曼城茶座
9805,1,,,米浴
9806,1,,,爱丽速子
9807,1,,,爱慕织姬
9808,1,,,空中神宫
9809,1,,,荒漠英雄
9810,1,,,美丽周日
9813,1,,,新宇宙
9815,1,,,多旺达
9816,1,,,神鹰
9817,1,,,爱丽数码
9818,1,,,菱曙
9819,1,,,荣进闪耀
9820,1,,,采珠
9821,1,,,东商变革
9822,1,,,凯斯奇迹
9823,1,,,北港火山
9824,1,,,大鸣大放
9825,1,,,莱茵力量
9826,1,,,跳舞城
9827,1,,,美妙姿势
9828,1,,,微光飞驹
9829,1,,,丸善斯基
9830,1,,,超级小海湾
9831,1,,,樱花千代王
9832,1,,,八重无敌
9834,1,,,好歌剧
9835,1,,,真机伶
9836,1,,,黄金城
9837,1,,,新光风
9838,1,,,名将怒涛
9839,1,,,优秀素质
9840,1,,,里见皇冠
9841,1,,,目白赖恩
9842,1,,,目白多伯
9843,1,,,目白阿尔丹
9844,1,,,待兼诗歌剧
9845,1,,,目白光明
9846,1,,,东海帝王
9847,1,,,目白麦昆
9848,1,,,鲁道夫象征
9849,1,,,鹤丸刚志
9851,1,,,待兼福来
9852,1,,,樱花桂冠
9853,1,,,金镇之光
9854,1,,,跳舞城
9855,1,,,"吹波糖, 美妙姿势"
9856,1,,,"吹波糖, 微光飞驹"
9857,1,,,"吹波糖, 丸善斯基"
9858,1,,,"吹波糖, 超级小海湾"
9859,1,,,"吹波糖, 樱花千代王"
9860,1,,,"吹波糖, 八重无敌"
9861,1,,,吹波糖
9862,1,,,"吹波糖, 好歌剧"
9863,1,,,"吹波糖, 真机伶"
9864,1,,,"吹波糖, 黄金城"
9865,1,,,"吹波糖, 新光风"
9866,1,,,"吹波糖, 名将怒涛"
9867,1,,,"吹波糖, 优秀素质"
9868,1,,,"吹波糖, 里见皇冠"
9869,1,,,"吹波糖, 目白赖恩"
9870,1,,,"吹波糖, 目白多伯"
9871,1,,,"吹波糖, 目白阿尔丹"
9872,1,,,"吹波糖, 待兼诗歌剧"
9873,1,,,"吹波糖, 目白光明"
9874,1,,,"吹波糖, 东海帝王"
9875,1,,,"吹波糖, 目白麦昆"
9876,1,,,"吹波糖, 鲁道夫象征"
9877,1,,,"吹波糖, 鹤丸刚志"
9878,1,,,吹波糖
9879,1,,,"吹波糖, 待兼福来"
9880,1,,,"吹波糖, 樱花桂冠"
9881,1,,,"吹波糖, 金镇之光"
9882,1,,,"吹波糖, 跳舞城"
9883,1,,,气槽
9884,1,,,玉藻十字
9885,1,,,琵琶晨光
9886,1,,,胜利奖券
9887,1,,,东瀛佐敦
9888,1,,,北方飞翔
9889,1,,,真弓快车
9890,1,,,森林宝穴
9892,1,,,黄金船
9893,1,,,大和赤骥
9894,1,,,醒目飞鹰
9895,1,,,中山庆典
9896,1,,,里见光钻
9897,1,,,北部玄驹
9899,1,,,高尚俊逸
9900,1,,,极峰
9901,1,,,强击
9902,1,,,小林历奇
9903,1,,,万籁争鸣
9904,1,,,西沙里奥
9905,1,,,空中救世主
9909,1,,,黄金巨匠
9910,1,,,贵妇人
9911,1,,,凯旋芭蕾
9912,1,,,梦之旅
9913,1,,,成田大进
9914,1,,,特别周
9915,1,,,无声铃鹿
9916,1,,,富士奇迹
9917,1,,,大树快车
9918,1,,,成田白仁
9919,1,,,曼城茶座
9920,1,,,米浴
9921,1,,,爱丽速子
9922,1,,,爱慕织姬
9923,1,,,空中神宫
9924,1,,,荒漠英雄
9925,1,,,美丽周日
9928,1,,,新宇宙
9930,1,,,多旺达
9932,1,,,吹波糖
9933,1,,,川上公主
9934,1,,,春乌拉拉
9935,1,,,圣王光环
9936,1,,,天狼星象征
9937,1,,,双涡轮
9938,1,,,目白高峰
9939,1,,,黄金船
9940,1,,,大和赤骥
9941,1,,,醒目飞鹰
9942,1,,,中山庆典
9943,1,,,里见光钻
9944,1,,,北部玄驹
9946,1,,,高尚俊逸
9947,1,,,极峰
9948,1,,,强击
9949,1,,,小林历奇
9950,1,,,万籁争鸣
9951,1,,,西沙里奥
9952,1,,,空中救世主
9956,1,,,黄金巨匠
9957,1,,,贵妇人
9958,1,,,凯旋芭蕾
9959,1,,,梦之旅
9960,1,,,丸善斯基
9961,1,,,超级小海湾
9962,1,,,樱花千代王
9963,1,,,八重无敌
9965,1,,,东海帝王
9966,1,,,目白麦昆
9967,1,,,鲁道夫象征
9968,1,,,鹤丸刚志
9971,1,,,生野狄杜斯
9972,1,,,成田路
9973,1,,,菱钻奇宝
9974,1,,,雪之美人
9975,1,,,樱花进王
9976,1,,,千明代表
9977,1,,,第一红宝石
9978,1,,,葛城王牌
9979,1,,,"超常骏骥, 气槽"
9980,1,,,"超常骏骥, 玉藻十字"
9981,1,,,"超常骏骥, 琵琶晨光"
9982,1,,,"超常骏骥, 胜利奖券"
9983,1,,,"超常骏骥, 东瀛佐敦"
9984,1,,,"超常骏骥, 北方飞翔"
9985,1,,,"超常骏骥, 真弓快车"
9986,1,,,"超常骏骥, 森林宝穴"
9987,1,,,超常骏骥
9988,1,,,超常骏骥
9989,1,,,"超常骏骥, 丸善斯基"
9990,1,,,"超常骏骥, 超级小海湾"
9991,1,,,"超常骏骥, 樱花千代王"
9992,1,,,"超常骏骥, 八重无敌"
9993,1,,,超常骏骥
9994,1,,,"超常骏骥, 东海帝王"
9995,1,,,"超常骏骥, 目白麦昆"
9996,1,,,"超常骏骥, 鲁道夫象征"
9997,1,,,"超常骏骥, 鹤丸刚志"
9998,1,,,超常骏骥
9999,1,,,超常骏骥
10000,1,,,"超常骏骥, 神鹰"
10001,1,,,"超常骏骥, 爱丽数码"
10002,1,,,"超常骏骥, 菱曙"
10003,1,,,"超常骏骥, 荣进闪耀"
10004,1,,,"超常骏骥, 采珠"
10005,1,,,"超常骏骥, 东商变革"
10006,1,,,"超常骏骥, 凯斯奇迹"
10007,1,,,"超常骏骥, 北港火山"
10008,1,,,"超常骏骥, 大鸣大放"
10009,1,,,"超常骏骥, 莱茵力量"
10010,1,,,"超常骏骥, 川上公主"
10011,1,,,"超常骏骥, 春乌拉拉"
10012,1,,,"超常骏骥, 圣王光环"
10013,1,,,"超常骏骥, 天狼星象征"
10014,1,,,"超常骏骥, 双涡轮"
10015,1,,,"超常骏骥, 目白高峰"
10016,1,,,黄金船
10017,1,,,大和赤骥
10018,1,,,醒目飞鹰
10019,1,,,中山庆典
10020,1,,,里见光钻
10021,1,,,北部玄驹
10023,1,,,高尚俊逸
10024,1,,,极峰
10025,1,,,强击
10026,1,,,小林历奇
10027,1,,,万籁争鸣
10028,1,,,西沙里奥
10029,1,,,空中救世主
10033,1,,,黄金巨匠
10034,1,,,贵妇人
10035,1,,,凯旋芭蕾
10036,1,,,梦之旅
10037,1,,,超常骏骥
10038,1,,,美妙姿势
10039,1,,,微光飞驹
10040,1,,,丸善斯基
10041,1,,,超级小海湾
10042,1,,,樱花千代王
10043,1,,,八重无敌
10045,1,,,跳舞城
10046,1,,,气槽
10047,1,,,玉藻十字
10048,1,,,琵琶晨光
10049,1,,,胜利奖券
10050,1,,,东瀛佐敦
10051,1,,,北方飞翔
10052,1,,,真弓快车
10053,1,,,森林宝穴
10056,1,,,丸善斯基
10057,1,,,超级小海湾
10058,1,,,樱花千代王
10059,1,,,八重无敌
10061,1,,,东海帝王
10062,1,,,目白麦昆
10063,1,,,鲁道夫象征
10064,1,,,鹤丸刚志
10067,1,,,神鹰
10068,1,,,爱丽数码
10069,1,,,菱曙
10070,1,,,荣进闪耀
10071,1,,,采珠
10072,1,,,东商变革
10073,1,,,凯斯奇迹
10074,1,,,北港火山
10075,1,,,大鸣大放
10076,1,,,莱茵力量
10078,1,,,川上公主
10079,1,,,春乌拉拉
10080,1,,,圣王光环
10081,1,,,天狼星象征
10082,1,,,双涡轮
10083,1,,,目白高峰
10084,1,,,"放声欢呼, 气槽"
10085,1,,,"放声欢呼, 玉藻十字"
10086,1,,,"放声欢呼, 琵琶晨光"
10087,1,,,"放声欢呼, 胜利奖券"
10088,1,,,"放声欢呼, 东瀛佐敦"
10089,1,,,"放声欢呼, 北方飞翔"
10090,1,,,"放声欢呼, 真弓快车"
10091,1,,,"放声欢呼, 森林宝穴"
10092,1,,,放声欢呼
10093,1,,,放声欢呼
10094,1,,,"放声欢呼, 丸善斯基"
10095,1,,,"放声欢呼, 超级小海湾"
10096,1,,,"放声欢呼, 樱花千代王"
10097,1,,,"放声欢呼, 八重无敌"
10098,1,,,放声欢呼
10099,1,,,"放声欢呼, 东海帝王"
10100,1,,,"放声欢呼, 目白麦昆"
10101,1,,,"放声欢呼, 鲁道夫象征"
10102,1,,,"放声欢呼, 鹤丸刚志"
10103,1,,,放声欢呼
10104,1,,,放声欢呼
10105,1,,,"放声欢呼, 神鹰"
10106,1,,,"放声欢呼, 爱丽数码"
10107,1,,,"放声欢呼, 菱曙"
10108,1,,,"放声欢呼, 荣进闪耀"
10109,1,,,"放声欢呼, 采珠"
10110,1,,,"放声欢呼, 东商变革"
10111,1,,,"放声欢呼, 凯斯奇迹"
10112,1,,,"放声欢呼, 北港火山"
10113,1,,,"放声欢呼, 大鸣大放"
10114,1,,,"放声欢呼, 莱茵力量"
10115,1,,,放声欢呼
10116,1,,,"放声欢呼, 川上公主"
10117,1,,,"放声欢呼, 春乌拉拉"
10118,1,,,"放声欢呼, 圣王光环"
10119,1,,,"放声欢呼, 天狼星象征"
10120,1,,,"放声欢呼, 双涡轮"
10121,1,,,"放声欢呼, 目白高峰"
10122,1,,,"唯独爱你, 气槽"
10123,1,,,"唯独爱你, 玉藻十字"
10124,1,,,"唯独爱你, 琵琶晨光"
10125,1,,,"唯独爱你, 胜利奖券"
10126,1,,,"唯独爱你, 东瀛佐敦"
10127,1,,,"唯独爱你, 北方飞翔"
10128,1,,,"唯独爱你, 真弓快车"
10129,1,,,"唯独爱你, 森林宝穴"
10130,1,,,唯独爱你
10131,1,,,唯独爱你
10132,1,,,"唯独爱你, 丸善斯基"
10133,1,,,"唯独爱你, 超级小海湾"
10134,1,,,"唯独爱你, 樱花千代王"
10135,1,,,"唯独爱你, 八重无敌"
10136,1,,,唯独爱你
10137,1,,,"唯独爱你, 东海帝王"
10138,1,,,"唯独爱你, 目白麦昆"
10139,1,,,"唯独爱你, 鲁道夫象征"
10140,1,,,"唯独爱你, 鹤丸刚志"
10141,1,,,唯独爱你
10142,1,,,唯独爱你
10143,1,,,"唯独爱你, 神鹰"
10144,1,,,"唯独爱你, 爱丽数码"
10145,1,,,"唯独爱你, 菱曙"
10146,1,,,"唯独爱你, 荣进闪耀"
10147,1,,,"唯独爱你, 采珠"
10148,1,,,"唯独爱你, 东商变革"
10149,1,,,"唯独爱你, 凯斯奇迹"
10150,1,,,"唯独爱你, 北港火山"
10151,1,,,"唯独爱你, 大鸣大放"
10152,1,,,"唯独爱你, 莱茵力量"
10153,1,,,唯独爱你
10154,1,,,"唯独爱你, 川上公主"
10155,1,,,"唯独爱你, 春乌拉拉"
10156,1,,,"唯独爱你, 圣王光环"
10157,1,,,"唯独爱你, 天狼星象征"
10158,1,,,"唯独爱你, 双涡轮"
10159,1,,,"唯独爱你, 目白高峰"
10160,1,,,丸善斯基
10161,1,,,超级小海湾
10162,1,,,樱花千代王
10163,1,,,八重无敌
10165,1,,,特别周
10166,1,,,无声铃鹿
10167,1,,,富士奇迹
10168,1,,,大树快车
10169,1,,,成田白仁
10170,1,,,曼城茶座
10171,1,,,米浴
10172,1,,,爱丽速子
10173,1,,,爱慕织姬
10174,1,,,空中神宫
10175,1,,,荒漠英雄
10176,1,,,美丽周日
10179,1,,,新宇宙
10181,1,,,多旺达
10183,1,,,吹波糖
10184,1,,,气槽
10185,1,,,玉藻十字
10186,1,,,琵琶晨光
10187,1,,,胜利奖券
10188,1,,,东瀛佐敦
10189,1,,,北方飞翔
10190,1,,,真弓快车
10191,1,,,森林宝穴
10194,1,,,丸善斯基
10195,1,,,超级小海湾
10196,1,,,樱花千代王
10197,1,,,八重无敌
10199,1,,,东海帝王
10200,1,,,目白麦昆
10201,1,,,鲁道夫象征
10202,1,,,鹤丸刚志
10205,1,,,神鹰
10206,1,,,爱丽数码
10207,1,,,菱曙
10208,1,,,荣进闪耀
10209,1,,,采珠
10210,1,,,东商变革
10211,1,,,凯斯奇迹
10212,1,,,北港火山
10213,1,,,大鸣大放
10214,1,,,莱茵力量
10216,1,,,川上公主
10217,1,,,春乌拉拉
10218,1,,,圣王光环
10219,1,,,天狼星象征
10220,1,,,双涡轮
10221,1,,,目白高峰
10222,1,,,美妙姿势
10223,1,,,微光飞驹
10224,1,,,丸善斯基
10225,1,,,超级小海湾
10226,1,,,樱花千代王
10227,1,,,八重无敌
10229,1,,,好歌剧
10230,1,,,真机伶
10231,1,,,黄金城
10232,1,,,新光风
10233,1,,,名将怒涛
10234,1,,,优秀素质
10235,1,,,里见皇冠
10236,1,,,目白赖恩
10237,1,,,目白多伯
10238,1,,,目白阿尔丹
10239,1,,,待兼诗歌剧
10240,1,,,目白光明
10241,1,,,东海帝王
10242,1,,,目白麦昆
10243,1,,,鲁道夫象征
10244,1,,,鹤丸刚志
10247,1,,,待兼福来
10248,1,,,樱花桂冠
10250,1,,,金镇之光
10251,1,,,跳舞城
